"filename", "language", "JavaScript", "Log", "PHP", "Markdown", "JSON", "XML", "CSS", "comment", "blank", "total"
"c:\Users\kevin\OneDrive\Desktop\Proyecto de Programación\Proyectos Personales\webBCommerce\BCommerceBackEnd\bcommerceBackEnd\README.md", "Markdown", 0, 0, 0, 46, 0, 0, 0, 0, 22, 68
"c:\Users\kevin\OneDrive\Desktop\Proyecto de Programación\Proyectos Personales\webBCommerce\BCommerceBackEnd\bcommerceBackEnd\app\Console\Commands\CheckArchitecture.php", "PHP", 0, 0, 319, 0, 0, 0, 0, 125, 84, 528
"c:\Users\kevin\OneDrive\Desktop\Proyecto de Programación\Proyectos Personales\webBCommerce\BCommerceBackEnd\bcommerceBackEnd\app\Console\Commands\CheckLowStock.php", "PHP", 0, 0, 70, 0, 0, 0, 0, 19, 20, 109
"c:\Users\kevin\OneDrive\Desktop\Proyecto de Programación\Proyectos Personales\webBCommerce\BCommerceBackEnd\bcommerceBackEnd\app\Console\Commands\CheckOutOfStockProducts.php", "PHP", 0, 0, 33, 0, 0, 0, 0, 1, 10, 44
"c:\Users\kevin\OneDrive\Desktop\Proyecto de Programación\Proyectos Personales\webBCommerce\BCommerceBackEnd\bcommerceBackEnd\app\Console\Commands\CheckShippingDelays.php", "PHP", 0, 0, 59, 0, 0, 0, 0, 16, 17, 92
"c:\Users\kevin\OneDrive\Desktop\Proyecto de Programación\Proyectos Personales\webBCommerce\BCommerceBackEnd\bcommerceBackEnd\app\Console\Commands\DebugFeedback.php", "PHP", 0, 0, 86, 0, 0, 0, 0, 20, 19, 125
"c:\Users\kevin\OneDrive\Desktop\Proyecto de Programación\Proyectos Personales\webBCommerce\BCommerceBackEnd\bcommerceBackEnd\app\Console\Commands\DownloadProductImages.php", "PHP", 0, 0, 134, 0, 0, 0, 0, 47, 38, 219
"c:\Users\kevin\OneDrive\Desktop\Proyecto de Programación\Proyectos Personales\webBCommerce\BCommerceBackEnd\bcommerceBackEnd\app\Console\Commands\JwtDebugCommand.php", "PHP", 0, 0, 73, 0, 0, 0, 0, 31, 18, 122
"c:\Users\kevin\OneDrive\Desktop\Proyecto de Programación\Proyectos Personales\webBCommerce\BCommerceBackEnd\bcommerceBackEnd\app\Console\Commands\MakeCustomCommand.php", "PHP", 0, 0, 11, 0, 0, 0, 0, 14, 6, 31
"c:\Users\kevin\OneDrive\Desktop\Proyecto de Programación\Proyectos Personales\webBCommerce\BCommerceBackEnd\bcommerceBackEnd\app\Console\Commands\SendDailySalesReport.php", "PHP", 0, 0, 48, 0, 0, 0, 0, 6, 13, 67
"c:\Users\kevin\OneDrive\Desktop\Proyecto de Programación\Proyectos Personales\webBCommerce\BCommerceBackEnd\bcommerceBackEnd\app\Domain\Entities\AccountingAccountEntity.php", "PHP", 0, 0, 13, 0, 0, 0, 0, 0, 3, 16
"c:\Users\kevin\OneDrive\Desktop\Proyecto de Programación\Proyectos Personales\webBCommerce\BCommerceBackEnd\bcommerceBackEnd\app\Domain\Entities\AccountingEntryEntity.php", "PHP", 0, 0, 13, 0, 0, 0, 0, 0, 3, 16
"c:\Users\kevin\OneDrive\Desktop\Proyecto de Programación\Proyectos Personales\webBCommerce\BCommerceBackEnd\bcommerceBackEnd\app\Domain\Entities\AccountingTransactionEntity.php", "PHP", 0, 0, 36, 0, 0, 0, 0, 0, 8, 44
"c:\Users\kevin\OneDrive\Desktop\Proyecto de Programación\Proyectos Personales\webBCommerce\BCommerceBackEnd\bcommerceBackEnd\app\Domain\Entities\CartItemEntity.php", "PHP", 0, 0, 57, 0, 0, 0, 0, 1, 11, 69
"c:\Users\kevin\OneDrive\Desktop\Proyecto de Programación\Proyectos Personales\webBCommerce\BCommerceBackEnd\bcommerceBackEnd\app\Domain\Entities\CategoryEntity.php", "PHP", 0, 0, 250, 0, 0, 0, 0, 23, 41, 314
"c:\Users\kevin\OneDrive\Desktop\Proyecto de Programación\Proyectos Personales\webBCommerce\BCommerceBackEnd\bcommerceBackEnd\app\Domain\Entities\ChatEntity.php", "PHP", 0, 0, 74, 0, 0, 0, 0, 2, 14, 90
"c:\Users\kevin\OneDrive\Desktop\Proyecto de Programación\Proyectos Personales\webBCommerce\BCommerceBackEnd\bcommerceBackEnd\app\Domain\Entities\DiscountCodeEntity.php", "PHP", 0, 0, 159, 0, 0, 0, 0, 18, 30, 207
"c:\Users\kevin\OneDrive\Desktop\Proyecto de Programación\Proyectos Personales\webBCommerce\BCommerceBackEnd\bcommerceBackEnd\app\Domain\Entities\FavoriteEntity.php", "PHP", 0, 0, 88, 0, 0, 0, 0, 51, 18, 157
"c:\Users\kevin\OneDrive\Desktop\Proyecto de Programación\Proyectos Personales\webBCommerce\BCommerceBackEnd\bcommerceBackEnd\app\Domain\Entities\FeedbackEntity.php", "PHP", 0, 0, 179, 0, 0, 0, 0, 19, 34, 232
"c:\Users\kevin\OneDrive\Desktop\Proyecto de Programación\Proyectos Personales\webBCommerce\BCommerceBackEnd\bcommerceBackEnd\app\Domain\Entities\InvoiceEntity.php", "PHP", 0, 0, 48, 0, 0, 0, 0, 0, 9, 57
"c:\Users\kevin\OneDrive\Desktop\Proyecto de Programación\Proyectos Personales\webBCommerce\BCommerceBackEnd\bcommerceBackEnd\app\Domain\Entities\InvoiceItemEntity.php", "PHP", 0, 0, 26, 0, 0, 0, 0, 0, 4, 30
"c:\Users\kevin\OneDrive\Desktop\Proyecto de Programación\Proyectos Personales\webBCommerce\BCommerceBackEnd\bcommerceBackEnd\app\Domain\Entities\MessageEntity.php", "PHP", 0, 0, 62, 0, 0, 0, 0, 2, 12, 76
"c:\Users\kevin\OneDrive\Desktop\Proyecto de Programación\Proyectos Personales\webBCommerce\BCommerceBackEnd\bcommerceBackEnd\app\Domain\Entities\NotificationEntity.php", "PHP", 0, 0, 90, 0, 0, 0, 0, 2, 15, 107
"c:\Users\kevin\OneDrive\Desktop\Proyecto de Programación\Proyectos Personales\webBCommerce\BCommerceBackEnd\bcommerceBackEnd\app\Domain\Entities\OrderEntity.php", "PHP", 0, 0, 255, 0, 0, 0, 0, 12, 36, 303
"c:\Users\kevin\OneDrive\Desktop\Proyecto de Programación\Proyectos Personales\webBCommerce\BCommerceBackEnd\bcommerceBackEnd\app\Domain\Entities\OrderItemEntity.php", "PHP", 0, 0, 155, 0, 0, 0, 0, 14, 28, 197
"c:\Users\kevin\OneDrive\Desktop\Proyecto de Programación\Proyectos Personales\webBCommerce\BCommerceBackEnd\bcommerceBackEnd\app\Domain\Entities\ProductEntity.php", "PHP", 0, 0, 376, 0, 0, 0, 0, 11, 65, 452
"c:\Users\kevin\OneDrive\Desktop\Proyecto de Programación\Proyectos Personales\webBCommerce\BCommerceBackEnd\bcommerceBackEnd\app\Domain\Entities\RatingEntity.php", "PHP", 0, 0, 137, 0, 0, 0, 0, 133, 26, 296
"c:\Users\kevin\OneDrive\Desktop\Proyecto de Programación\Proyectos Personales\webBCommerce\BCommerceBackEnd\bcommerceBackEnd\app\Domain\Entities\SellerEntity.php", "PHP", 0, 0, 149, 0, 0, 0, 0, 146, 28, 323
"c:\Users\kevin\OneDrive\Desktop\Proyecto de Programación\Proyectos Personales\webBCommerce\BCommerceBackEnd\bcommerceBackEnd\app\Domain\Entities\ShoppingCartEntity.php", "PHP", 0, 0, 104, 0, 0, 0, 0, 5, 16, 125
"c:\Users\kevin\OneDrive\Desktop\Proyecto de Programación\Proyectos Personales\webBCommerce\BCommerceBackEnd\bcommerceBackEnd\app\Domain\Entities\SriTransactionEntity.php", "PHP", 0, 0, 14, 0, 0, 0, 0, 0, 2, 16
"c:\Users\kevin\OneDrive\Desktop\Proyecto de Programación\Proyectos Personales\webBCommerce\BCommerceBackEnd\bcommerceBackEnd\app\Domain\Entities\UserEntity.php", "PHP", 0, 0, 270, 0, 0, 0, 0, 36, 41, 347
"c:\Users\kevin\OneDrive\Desktop\Proyecto de Programación\Proyectos Personales\webBCommerce\BCommerceBackEnd\bcommerceBackEnd\app\Domain\Entities\UserInteractionEntity.php", "PHP", 0, 0, 54, 0, 0, 0, 0, 0, 11, 65
"c:\Users\kevin\OneDrive\Desktop\Proyecto de Programación\Proyectos Personales\webBCommerce\BCommerceBackEnd\bcommerceBackEnd\app\Domain\Entities\UserStrikeEntity.php", "PHP", 0, 0, 121, 0, 0, 0, 0, 9, 17, 147
"c:\Users\kevin\OneDrive\Desktop\Proyecto de Programación\Proyectos Personales\webBCommerce\BCommerceBackEnd\bcommerceBackEnd\app\Domain\Formatters\ProductFormatter.php", "PHP", 0, 0, 217, 0, 0, 0, 0, 51, 28, 296
"c:\Users\kevin\OneDrive\Desktop\Proyecto de Programación\Proyectos Personales\webBCommerce\BCommerceBackEnd\bcommerceBackEnd\app\Domain\Formatters\UserProfileFormatter.php", "PHP", 0, 0, 170, 0, 0, 0, 0, 40, 28, 238
"c:\Users\kevin\OneDrive\Desktop\Proyecto de Programación\Proyectos Personales\webBCommerce\BCommerceBackEnd\bcommerceBackEnd\app\Domain\Interfaces\ChatFilterInterface.php", "PHP", 0, 0, 8, 0, 0, 0, 0, 21, 3, 32
"c:\Users\kevin\OneDrive\Desktop\Proyecto de Programación\Proyectos Personales\webBCommerce\BCommerceBackEnd\bcommerceBackEnd\app\Domain\Interfaces\JwtServiceInterface.php", "PHP", 0, 0, 14, 0, 0, 0, 0, 45, 11, 70
"c:\Users\kevin\OneDrive\Desktop\Proyecto de Programación\Proyectos Personales\webBCommerce\BCommerceBackEnd\bcommerceBackEnd\app\Domain\Interfaces\PaymentGatewayInterface.php", "PHP", 0, 0, 8, 0, 0, 0, 0, 20, 5, 33
"c:\Users\kevin\OneDrive\Desktop\Proyecto de Programación\Proyectos Personales\webBCommerce\BCommerceBackEnd\bcommerceBackEnd\app\Domain\Interfaces\RecommendationEngineInterface.php", "PHP", 0, 0, 22, 0, 0, 0, 0, 43, 9, 74
"c:\Users\kevin\OneDrive\Desktop\Proyecto de Programación\Proyectos Personales\webBCommerce\BCommerceBackEnd\bcommerceBackEnd\app\Domain\Interfaces\ShippingTrackingInterface.php", "PHP", 0, 0, 16, 0, 0, 0, 0, 35, 8, 59
"c:\Users\kevin\OneDrive\Desktop\Proyecto de Programación\Proyectos Personales\webBCommerce\BCommerceBackEnd\bcommerceBackEnd\app\Domain\Interfaces\SriServiceInterface.php", "PHP", 0, 0, 10, 0, 0, 0, 0, 25, 6, 41
"c:\Users\kevin\OneDrive\Desktop\Proyecto de Programación\Proyectos Personales\webBCommerce\BCommerceBackEnd\bcommerceBackEnd\app\Domain\Repositories\AccountingRepositoryInterface.php", "PHP", 0, 0, 22, 0, 0, 0, 0, 39, 15, 76
"c:\Users\kevin\OneDrive\Desktop\Proyecto de Programación\Proyectos Personales\webBCommerce\BCommerceBackEnd\bcommerceBackEnd\app\Domain\Repositories\CategoryRepositoryInterface.php", "PHP", 0, 0, 17, 0, 0, 0, 0, 66, 14, 97
"c:\Users\kevin\OneDrive\Desktop\Proyecto de Programación\Proyectos Personales\webBCommerce\BCommerceBackEnd\bcommerceBackEnd\app\Domain\Repositories\ChatRepositoryInterface.php", "PHP", 0, 0, 14, 0, 0, 0, 0, 0, 4, 18
"c:\Users\kevin\OneDrive\Desktop\Proyecto de Programación\Proyectos Personales\webBCommerce\BCommerceBackEnd\bcommerceBackEnd\app\Domain\Repositories\DiscountCodeRepositoryInterface.php", "PHP", 0, 0, 16, 0, 0, 0, 0, 64, 13, 93
"c:\Users\kevin\OneDrive\Desktop\Proyecto de Programación\Proyectos Personales\webBCommerce\BCommerceBackEnd\bcommerceBackEnd\app\Domain\Repositories\FavoriteRepositoryInterface.php", "PHP", 0, 0, 20, 0, 0, 0, 0, 62, 12, 94
"c:\Users\kevin\OneDrive\Desktop\Proyecto de Programación\Proyectos Personales\webBCommerce\BCommerceBackEnd\bcommerceBackEnd\app\Domain\Repositories\FeedbackRepositoryInterface.php", "PHP", 0, 0, 16, 0, 0, 0, 0, 67, 13, 96
"c:\Users\kevin\OneDrive\Desktop\Proyecto de Programación\Proyectos Personales\webBCommerce\BCommerceBackEnd\bcommerceBackEnd\app\Domain\Repositories\InvoiceRepositoryInterface.php", "PHP", 0, 0, 20, 0, 0, 0, 0, 36, 14, 70
"c:\Users\kevin\OneDrive\Desktop\Proyecto de Programación\Proyectos Personales\webBCommerce\BCommerceBackEnd\bcommerceBackEnd\app\Domain\Repositories\NotificationRepositoryInterface.php", "PHP", 0, 0, 14, 0, 0, 0, 0, 52, 11, 77
"c:\Users\kevin\OneDrive\Desktop\Proyecto de Programación\Proyectos Personales\webBCommerce\BCommerceBackEnd\bcommerceBackEnd\app\Domain\Repositories\OrderRepositoryInterface.php", "PHP", 0, 0, 15, 0, 0, 0, 0, 35, 8, 58
"c:\Users\kevin\OneDrive\Desktop\Proyecto de Programación\Proyectos Personales\webBCommerce\BCommerceBackEnd\bcommerceBackEnd\app\Domain\Repositories\ProductRepositoryInterface.php", "PHP", 0, 0, 24, 0, 0, 0, 0, 109, 21, 154
"c:\Users\kevin\OneDrive\Desktop\Proyecto de Programación\Proyectos Personales\webBCommerce\BCommerceBackEnd\bcommerceBackEnd\app\Domain\Repositories\RatingRepositoryInterface.php", "PHP", 0, 0, 19, 0, 0, 0, 0, 91, 16, 126
"c:\Users\kevin\OneDrive\Desktop\Proyecto de Programación\Proyectos Personales\webBCommerce\BCommerceBackEnd\bcommerceBackEnd\app\Domain\Repositories\SellerRepositoryInterface.php", "PHP", 0, 0, 13, 0, 0, 0, 0, 42, 10, 65
"c:\Users\kevin\OneDrive\Desktop\Proyecto de Programación\Proyectos Personales\webBCommerce\BCommerceBackEnd\bcommerceBackEnd\app\Domain\Repositories\ShippingRepositoryInterface.php", "PHP", 0, 0, 16, 0, 0, 0, 0, 58, 12, 86
"c:\Users\kevin\OneDrive\Desktop\Proyecto de Programación\Proyectos Personales\webBCommerce\BCommerceBackEnd\bcommerceBackEnd\app\Domain\Repositories\ShoppingCartRepositoryInterface.php", "PHP", 0, 0, 14, 0, 0, 0, 0, 0, 4, 18
"c:\Users\kevin\OneDrive\Desktop\Proyecto de Programación\Proyectos Personales\webBCommerce\BCommerceBackEnd\bcommerceBackEnd\app\Domain\Repositories\UserProfileRepositoryInterface.php", "PHP", 0, 0, 15, 0, 0, 0, 0, 24, 11, 50
"c:\Users\kevin\OneDrive\Desktop\Proyecto de Programación\Proyectos Personales\webBCommerce\BCommerceBackEnd\bcommerceBackEnd\app\Domain\Repositories\UserRepositoryInterface.php", "PHP", 0, 0, 13, 0, 0, 0, 0, 21, 10, 44
"c:\Users\kevin\OneDrive\Desktop\Proyecto de Programación\Proyectos Personales\webBCommerce\BCommerceBackEnd\bcommerceBackEnd\app\Domain\Services\DemographicProfileGenerator.php", "PHP", 0, 0, 57, 0, 0, 0, 0, 9, 10, 76
"c:\Users\kevin\OneDrive\Desktop\Proyecto de Programación\Proyectos Personales\webBCommerce\BCommerceBackEnd\bcommerceBackEnd\app\Domain\Services\ProfileCompletenessCalculator.php", "PHP", 0, 0, 50, 0, 0, 0, 0, 10, 11, 71
"c:\Users\kevin\OneDrive\Desktop\Proyecto de Programación\Proyectos Personales\webBCommerce\BCommerceBackEnd\bcommerceBackEnd\app\Domain\Services\RecommendationStrategies\CategoryBasedStrategy.php", "PHP", 0, 0, 61, 0, 0, 0, 0, 2, 14, 77
"c:\Users\kevin\OneDrive\Desktop\Proyecto de Programación\Proyectos Personales\webBCommerce\BCommerceBackEnd\bcommerceBackEnd\app\Domain\Services\RecommendationStrategies\DemographicBasedStrategy.php", "PHP", 0, 0, 71, 0, 0, 0, 0, 2, 15, 88
"c:\Users\kevin\OneDrive\Desktop\Proyecto de Programación\Proyectos Personales\webBCommerce\BCommerceBackEnd\bcommerceBackEnd\app\Domain\Services\RecommendationStrategies\FavoritesBasedStrategy.php", "PHP", 0, 0, 129, 0, 0, 0, 0, 41, 30, 200
"c:\Users\kevin\OneDrive\Desktop\Proyecto de Programación\Proyectos Personales\webBCommerce\BCommerceBackEnd\bcommerceBackEnd\app\Domain\Services\RecommendationStrategies\HistoryBasedStrategy.php", "PHP", 0, 0, 60, 0, 0, 0, 0, 3, 13, 76
"c:\Users\kevin\OneDrive\Desktop\Proyecto de Programación\Proyectos Personales\webBCommerce\BCommerceBackEnd\bcommerceBackEnd\app\Domain\Services\RecommendationStrategies\InterestBasedStrategy.php", "PHP", 0, 0, 73, 0, 0, 0, 0, 3, 15, 91
"c:\Users\kevin\OneDrive\Desktop\Proyecto de Programación\Proyectos Personales\webBCommerce\BCommerceBackEnd\bcommerceBackEnd\app\Domain\Services\RecommendationStrategies\PopularProductsStrategy.php", "PHP", 0, 0, 49, 0, 0, 0, 0, 0, 9, 58
"c:\Users\kevin\OneDrive\Desktop\Proyecto de Programación\Proyectos Personales\webBCommerce\BCommerceBackEnd\bcommerceBackEnd\app\Domain\Services\RecommendationStrategies\StrategyInterface.php", "PHP", 0, 0, 14, 0, 0, 0, 0, 14, 5, 33
"c:\Users\kevin\OneDrive\Desktop\Proyecto de Programación\Proyectos Personales\webBCommerce\BCommerceBackEnd\bcommerceBackEnd\app\Domain\Services\RecommendationStrategies\TagBasedStrategy.php", "PHP", 0, 0, 77, 0, 0, 0, 0, 5, 17, 99
"c:\Users\kevin\OneDrive\Desktop\Proyecto de Programación\Proyectos Personales\webBCommerce\BCommerceBackEnd\bcommerceBackEnd\app\Domain\Services\UserProfileEnricher.php", "PHP", 0, 0, 34, 0, 0, 0, 0, 8, 10, 52
"c:\Users\kevin\OneDrive\Desktop\Proyecto de Programación\Proyectos Personales\webBCommerce\BCommerceBackEnd\bcommerceBackEnd\app\Domain\ValueObjects\Address.php", "PHP", 0, 0, 0, 0, 0, 0, 0, 0, 1, 1
"c:\Users\kevin\OneDrive\Desktop\Proyecto de Programación\Proyectos Personales\webBCommerce\BCommerceBackEnd\bcommerceBackEnd\app\Domain\ValueObjects\CategoryId.php", "PHP", 0, 0, 30, 0, 0, 0, 0, 3, 8, 41
"c:\Users\kevin\OneDrive\Desktop\Proyecto de Programación\Proyectos Personales\webBCommerce\BCommerceBackEnd\bcommerceBackEnd\app\Domain\ValueObjects\Money.php", "PHP", 0, 0, 0, 0, 0, 0, 0, 0, 1, 1
"c:\Users\kevin\OneDrive\Desktop\Proyecto de Programación\Proyectos Personales\webBCommerce\BCommerceBackEnd\bcommerceBackEnd\app\Domain\ValueObjects\Rating.php", "PHP", 0, 0, 0, 0, 0, 0, 0, 0, 1, 1
"c:\Users\kevin\OneDrive\Desktop\Proyecto de Programación\Proyectos Personales\webBCommerce\BCommerceBackEnd\bcommerceBackEnd\app\Domain\ValueObjects\ShippingStatus.php", "PHP", 0, 0, 90, 0, 0, 0, 0, 23, 12, 125
"c:\Users\kevin\OneDrive\Desktop\Proyecto de Programación\Proyectos Personales\webBCommerce\BCommerceBackEnd\bcommerceBackEnd\app\Domain\ValueObjects\Slug.php", "PHP", 0, 0, 36, 0, 0, 0, 0, 3, 11, 50
"c:\Users\kevin\OneDrive\Desktop\Proyecto de Programación\Proyectos Personales\webBCommerce\BCommerceBackEnd\bcommerceBackEnd\app\Domain\ValueObjects\UserProfile.php", "PHP", 0, 0, 78, 0, 0, 0, 0, 0, 14, 92
"c:\Users\kevin\OneDrive\Desktop\Proyecto de Programación\Proyectos Personales\webBCommerce\BCommerceBackEnd\bcommerceBackEnd\app\Events\FeedbackCreated.php", "PHP", 0, 0, 13, 0, 0, 0, 0, 5, 6, 24
"c:\Users\kevin\OneDrive\Desktop\Proyecto de Programación\Proyectos Personales\webBCommerce\BCommerceBackEnd\bcommerceBackEnd\app\Events\FeedbackReviewed.php", "PHP", 0, 0, 17, 0, 0, 0, 0, 7, 5, 29
"c:\Users\kevin\OneDrive\Desktop\Proyecto de Programación\Proyectos Personales\webBCommerce\BCommerceBackEnd\bcommerceBackEnd\app\Events\MessageSent.php", "PHP", 0, 0, 17, 0, 0, 0, 0, 7, 5, 29
"c:\Users\kevin\OneDrive\Desktop\Proyecto de Programación\Proyectos Personales\webBCommerce\BCommerceBackEnd\bcommerceBackEnd\app\Events\OrderCompleted.php", "PHP", 0, 0, 13, 0, 0, 0, 0, 0, 5, 18
"c:\Users\kevin\OneDrive\Desktop\Proyecto de Programación\Proyectos Personales\webBCommerce\BCommerceBackEnd\bcommerceBackEnd\app\Events\OrderPaid.php", "PHP", 0, 0, 17, 0, 0, 0, 0, 7, 5, 29
"c:\Users\kevin\OneDrive\Desktop\Proyecto de Programación\Proyectos Personales\webBCommerce\BCommerceBackEnd\bcommerceBackEnd\app\Events\OrderStatusChanged.php", "PHP", 0, 0, 17, 0, 0, 0, 0, 7, 5, 29
"c:\Users\kevin\OneDrive\Desktop\Proyecto de Programación\Proyectos Personales\webBCommerce\BCommerceBackEnd\bcommerceBackEnd\app\Events\ProductLowStock.php", "PHP", 0, 0, 15, 0, 0, 0, 0, 12, 7, 34
"c:\Users\kevin\OneDrive\Desktop\Proyecto de Programación\Proyectos Personales\webBCommerce\BCommerceBackEnd\bcommerceBackEnd\app\Events\ProductPriceChanged.php", "PHP", 0, 0, 17, 0, 0, 0, 0, 16, 8, 41
"c:\Users\kevin\OneDrive\Desktop\Proyecto de Programación\Proyectos Personales\webBCommerce\BCommerceBackEnd\bcommerceBackEnd\app\Events\ProductPromotionAdded.php", "PHP", 0, 0, 23, 0, 0, 0, 0, 20, 9, 52
"c:\Users\kevin\OneDrive\Desktop\Proyecto de Programación\Proyectos Personales\webBCommerce\BCommerceBackEnd\bcommerceBackEnd\app\Events\ProductStockUpdated.php", "PHP", 0, 0, 17, 0, 0, 0, 0, 7, 5, 29
"c:\Users\kevin\OneDrive\Desktop\Proyecto de Programación\Proyectos Personales\webBCommerce\BCommerceBackEnd\bcommerceBackEnd\app\Events\ProductUpdated.php", "PHP", 0, 0, 15, 0, 0, 0, 0, 6, 5, 26
"c:\Users\kevin\OneDrive\Desktop\Proyecto de Programación\Proyectos Personales\webBCommerce\BCommerceBackEnd\bcommerceBackEnd\app\Events\RatingCreated.php", "PHP", 0, 0, 15, 0, 0, 0, 0, 6, 5, 26
"c:\Users\kevin\OneDrive\Desktop\Proyecto de Programación\Proyectos Personales\webBCommerce\BCommerceBackEnd\bcommerceBackEnd\app\Events\SellerAccountBlocked.php", "PHP", 0, 0, 15, 0, 0, 0, 0, 6, 5, 26
"c:\Users\kevin\OneDrive\Desktop\Proyecto de Programación\Proyectos Personales\webBCommerce\BCommerceBackEnd\bcommerceBackEnd\app\Events\SellerRankChanged.php", "PHP", 0, 0, 17, 0, 0, 0, 0, 7, 6, 30
"c:\Users\kevin\OneDrive\Desktop\Proyecto de Programación\Proyectos Personales\webBCommerce\BCommerceBackEnd\bcommerceBackEnd\app\Events\SellerStrikeAdded.php", "PHP", 0, 0, 15, 0, 0, 0, 0, 6, 5, 26
"c:\Users\kevin\OneDrive\Desktop\Proyecto de Programación\Proyectos Personales\webBCommerce\BCommerceBackEnd\bcommerceBackEnd\app\Events\ShippingDelayed.php", "PHP", 0, 0, 17, 0, 0, 0, 0, 7, 6, 30
"c:\Users\kevin\OneDrive\Desktop\Proyecto de Programación\Proyectos Personales\webBCommerce\BCommerceBackEnd\bcommerceBackEnd\app\Events\ShippingStatusUpdated.php", "PHP", 0, 0, 17, 0, 0, 0, 0, 7, 5, 29
"c:\Users\kevin\OneDrive\Desktop\Proyecto de Programación\Proyectos Personales\webBCommerce\BCommerceBackEnd\bcommerceBackEnd\app\Exceptions\Handler.php", "PHP", 0, 0, 25, 0, 0, 0, 0, 18, 7, 50
"c:\Users\kevin\OneDrive\Desktop\Proyecto de Programación\Proyectos Personales\webBCommerce\BCommerceBackEnd\bcommerceBackEnd\app\Http\Controllers\AccountingController.php", "PHP", 0, 0, 61, 0, 0, 0, 0, 12, 18, 91
"c:\Users\kevin\OneDrive\Desktop\Proyecto de Programación\Proyectos Personales\webBCommerce\BCommerceBackEnd\bcommerceBackEnd\app\Http\Controllers\AdminController.php", "PHP", 0, 0, 458, 0, 0, 0, 0, 90, 59, 607
"c:\Users\kevin\OneDrive\Desktop\Proyecto de Programación\Proyectos Personales\webBCommerce\BCommerceBackEnd\bcommerceBackEnd\app\Http\Controllers\AuthController.php", "PHP", 0, 0, 183, 0, 0, 0, 0, 59, 29, 271
"c:\Users\kevin\OneDrive\Desktop\Proyecto de Programación\Proyectos Personales\webBCommerce\BCommerceBackEnd\bcommerceBackEnd\app\Http\Controllers\Auth\AuthenticatedSessionController.php", "PHP", 0, 0, 42, 0, 0, 0, 0, 10, 11, 63
"c:\Users\kevin\OneDrive\Desktop\Proyecto de Programación\Proyectos Personales\webBCommerce\BCommerceBackEnd\bcommerceBackEnd\app\Http\Controllers\Auth\EmailVerificationNotificationController.php", "PHP", 0, 0, 17, 0, 0, 0, 0, 3, 6, 26
"c:\Users\kevin\OneDrive\Desktop\Proyecto de Programación\Proyectos Personales\webBCommerce\BCommerceBackEnd\bcommerceBackEnd\app\Http\Controllers\Auth\PasswordResetController.php", "PHP", 0, 0, 169, 0, 0, 0, 0, 48, 33, 250
"c:\Users\kevin\OneDrive\Desktop\Proyecto de Programación\Proyectos Personales\webBCommerce\BCommerceBackEnd\bcommerceBackEnd\app\Http\Controllers\Auth\PasswordUpdateController.php", "PHP", 0, 0, 54, 0, 0, 0, 0, 9, 9, 72
"c:\Users\kevin\OneDrive\Desktop\Proyecto de Programación\Proyectos Personales\webBCommerce\BCommerceBackEnd\bcommerceBackEnd\app\Http\Controllers\Auth\RegisteredUserController.php", "PHP", 0, 0, 58, 0, 0, 0, 0, 14, 17, 89
"c:\Users\kevin\OneDrive\Desktop\Proyecto de Programación\Proyectos Personales\webBCommerce\BCommerceBackEnd\bcommerceBackEnd\app\Http\Controllers\Auth\VerifyEmailController.php", "PHP", 0, 0, 24, 0, 0, 0, 0, 10, 8, 42
"c:\Users\kevin\OneDrive\Desktop\Proyecto de Programación\Proyectos Personales\webBCommerce\BCommerceBackEnd\bcommerceBackEnd\app\Http\Controllers\CartController.php", "PHP", 0, 0, 162, 0, 0, 0, 0, 16, 18, 196
"c:\Users\kevin\OneDrive\Desktop\Proyecto de Programación\Proyectos Personales\webBCommerce\BCommerceBackEnd\bcommerceBackEnd\app\Http\Controllers\CategoryController.php", "PHP", 0, 0, 359, 0, 0, 0, 0, 102, 92, 553
"c:\Users\kevin\OneDrive\Desktop\Proyecto de Programación\Proyectos Personales\webBCommerce\BCommerceBackEnd\bcommerceBackEnd\app\Http\Controllers\ChatController.php", "PHP", 0, 0, 22, 0, 0, 0, 0, 20, 7, 49
"c:\Users\kevin\OneDrive\Desktop\Proyecto de Programación\Proyectos Personales\webBCommerce\BCommerceBackEnd\bcommerceBackEnd\app\Http\Controllers\CheckoutController.php", "PHP", 0, 0, 39, 0, 0, 0, 0, 3, 7, 49
"c:\Users\kevin\OneDrive\Desktop\Proyecto de Programación\Proyectos Personales\webBCommerce\BCommerceBackEnd\bcommerceBackEnd\app\Http\Controllers\Controller.php", "PHP", 0, 0, 8, 0, 0, 0, 0, 1, 4, 13
"c:\Users\kevin\OneDrive\Desktop\Proyecto de Programación\Proyectos Personales\webBCommerce\BCommerceBackEnd\bcommerceBackEnd\app\Http\Controllers\FavoriteController.php", "PHP", 0, 0, 89, 0, 0, 0, 0, 29, 12, 130
"c:\Users\kevin\OneDrive\Desktop\Proyecto de Programación\Proyectos Personales\webBCommerce\BCommerceBackEnd\bcommerceBackEnd\app\Http\Controllers\FeedbackController.php", "PHP", 0, 0, 247, 0, 0, 0, 0, 55, 32, 334
"c:\Users\kevin\OneDrive\Desktop\Proyecto de Programación\Proyectos Personales\webBCommerce\BCommerceBackEnd\bcommerceBackEnd\app\Http\Controllers\InvoiceController.php", "PHP", 0, 0, 98, 0, 0, 0, 0, 16, 18, 132
"c:\Users\kevin\OneDrive\Desktop\Proyecto de Programación\Proyectos Personales\webBCommerce\BCommerceBackEnd\bcommerceBackEnd\app\Http\Controllers\NotificationController.php", "PHP", 0, 0, 94, 0, 0, 0, 0, 34, 21, 149
"c:\Users\kevin\OneDrive\Desktop\Proyecto de Programación\Proyectos Personales\webBCommerce\BCommerceBackEnd\bcommerceBackEnd\app\Http\Controllers\OrderController.php", "PHP", 0, 0, 46, 0, 0, 0, 0, 22, 16, 84
"c:\Users\kevin\OneDrive\Desktop\Proyecto de Programación\Proyectos Personales\webBCommerce\BCommerceBackEnd\bcommerceBackEnd\app\Http\Controllers\PaymentController.php", "PHP", 0, 0, 22, 0, 0, 0, 0, 20, 8, 50
"c:\Users\kevin\OneDrive\Desktop\Proyecto de Programación\Proyectos Personales\webBCommerce\BCommerceBackEnd\bcommerceBackEnd\app\Http\Controllers\ProductController.php", "PHP", 0, 0, 499, 0, 0, 0, 0, 197, 143, 839
"c:\Users\kevin\OneDrive\Desktop\Proyecto de Programación\Proyectos Personales\webBCommerce\BCommerceBackEnd\bcommerceBackEnd\app\Http\Controllers\ProfileController.php", "PHP", 0, 0, 86, 0, 0, 0, 0, 19, 18, 123
"c:\Users\kevin\OneDrive\Desktop\Proyecto de Programación\Proyectos Personales\webBCommerce\BCommerceBackEnd\bcommerceBackEnd\app\Http\Controllers\RatingController.php", "PHP", 0, 0, 239, 0, 0, 0, 0, 58, 32, 329
"c:\Users\kevin\OneDrive\Desktop\Proyecto de Programación\Proyectos Personales\webBCommerce\BCommerceBackEnd\bcommerceBackEnd\app\Http\Controllers\RecommendationController.php", "PHP", 0, 0, 78, 0, 0, 0, 0, 28, 23, 129
"c:\Users\kevin\OneDrive\Desktop\Proyecto de Programación\Proyectos Personales\webBCommerce\BCommerceBackEnd\bcommerceBackEnd\app\Http\Controllers\SellerController.php", "PHP", 0, 0, 152, 0, 0, 0, 0, 37, 18, 207
"c:\Users\kevin\OneDrive\Desktop\Proyecto de Programación\Proyectos Personales\webBCommerce\BCommerceBackEnd\bcommerceBackEnd\app\Http\Controllers\ShippingAPISimulatorController.php", "PHP", 0, 0, 301, 0, 0, 0, 0, 41, 48, 390
"c:\Users\kevin\OneDrive\Desktop\Proyecto de Programación\Proyectos Personales\webBCommerce\BCommerceBackEnd\bcommerceBackEnd\app\Http\Controllers\ShippingController.php", "PHP", 0, 0, 85, 0, 0, 0, 0, 25, 21, 131
"c:\Users\kevin\OneDrive\Desktop\Proyecto de Programación\Proyectos Personales\webBCommerce\BCommerceBackEnd\bcommerceBackEnd\app\Http\Controllers\UserController.php", "PHP", 0, 0, 13, 0, 0, 0, 0, 6, 6, 25
"c:\Users\kevin\OneDrive\Desktop\Proyecto de Programación\Proyectos Personales\webBCommerce\BCommerceBackEnd\bcommerceBackEnd\app\Http\Kernel.php", "PHP", 0, 0, 46, 0, 0, 0, 0, 21, 6, 73
"c:\Users\kevin\OneDrive\Desktop\Proyecto de Programación\Proyectos Personales\webBCommerce\BCommerceBackEnd\bcommerceBackEnd\app\Http\Middleware\AdminMiddleware.php", "PHP", 0, 0, 57, 0, 0, 0, 0, 9, 9, 75
"c:\Users\kevin\OneDrive\Desktop\Proyecto de Programación\Proyectos Personales\webBCommerce\BCommerceBackEnd\bcommerceBackEnd\app\Http\Middleware\EnsureEmailIsVerified.php", "PHP", 0, 0, 18, 0, 0, 0, 0, 5, 4, 27
"c:\Users\kevin\OneDrive\Desktop\Proyecto de Programación\Proyectos Personales\webBCommerce\BCommerceBackEnd\bcommerceBackEnd\app\Http\Middleware\JwtDebugMiddleware.php", "PHP", 0, 0, 23, 0, 0, 0, 0, 9, 6, 38
"c:\Users\kevin\OneDrive\Desktop\Proyecto de Programación\Proyectos Personales\webBCommerce\BCommerceBackEnd\bcommerceBackEnd\app\Http\Middleware\JwtMiddleware.php", "PHP", 0, 0, 58, 0, 0, 0, 0, 5, 14, 77
"c:\Users\kevin\OneDrive\Desktop\Proyecto de Programación\Proyectos Personales\webBCommerce\BCommerceBackEnd\bcommerceBackEnd\app\Http\Middleware\ProductInteractionMiddleware.php", "PHP", 0, 0, 90, 0, 0, 0, 0, 53, 26, 169
"c:\Users\kevin\OneDrive\Desktop\Proyecto de Programación\Proyectos Personales\webBCommerce\BCommerceBackEnd\bcommerceBackEnd\app\Http\Middleware\SellerMiddleware.php", "PHP", 0, 0, 33, 0, 0, 0, 0, 7, 9, 49
"c:\Users\kevin\OneDrive\Desktop\Proyecto de Programación\Proyectos Personales\webBCommerce\BCommerceBackEnd\bcommerceBackEnd\app\Http\Requests\AddToCartRequest.php", "PHP", 0, 0, 18, 0, 0, 0, 0, 6, 5, 29
"c:\Users\kevin\OneDrive\Desktop\Proyecto de Programación\Proyectos Personales\webBCommerce\BCommerceBackEnd\bcommerceBackEnd\app\Http\Requests\ApplyDiscountRequest.php", "PHP", 0, 0, 26, 0, 0, 0, 0, 9, 6, 41
"c:\Users\kevin\OneDrive\Desktop\Proyecto de Programación\Proyectos Personales\webBCommerce\BCommerceBackEnd\bcommerceBackEnd\app\Http\Requests\Auth\LoginRequest.php", "PHP", 0, 0, 52, 0, 0, 0, 0, 21, 15, 88
"c:\Users\kevin\OneDrive\Desktop\Proyecto de Programación\Proyectos Personales\webBCommerce\BCommerceBackEnd\bcommerceBackEnd\app\Http\Requests\CancelInvoiceRequest.php", "PHP", 0, 0, 16, 0, 0, 0, 0, 0, 5, 21
"c:\Users\kevin\OneDrive\Desktop\Proyecto de Programación\Proyectos Personales\webBCommerce\BCommerceBackEnd\bcommerceBackEnd\app\Http\Requests\CheckoutRequest.php", "PHP", 0, 0, 28, 0, 0, 0, 0, 6, 6, 40
"c:\Users\kevin\OneDrive\Desktop\Proyecto de Programación\Proyectos Personales\webBCommerce\BCommerceBackEnd\bcommerceBackEnd\app\Http\Requests\FeedbackRequest.php", "PHP", 0, 0, 31, 0, 0, 0, 0, 9, 6, 46
"c:\Users\kevin\OneDrive\Desktop\Proyecto de Programación\Proyectos Personales\webBCommerce\BCommerceBackEnd\bcommerceBackEnd\app\Http\Requests\GenerateInvoiceRequest.php", "PHP", 0, 0, 16, 0, 0, 0, 0, 0, 4, 20
"c:\Users\kevin\OneDrive\Desktop\Proyecto de Programación\Proyectos Personales\webBCommerce\BCommerceBackEnd\bcommerceBackEnd\app\Http\Requests\OrderRequest.php", "PHP", 0, 0, 0, 0, 0, 0, 0, 0, 1, 1
"c:\Users\kevin\OneDrive\Desktop\Proyecto de Programación\Proyectos Personales\webBCommerce\BCommerceBackEnd\bcommerceBackEnd\app\Http\Requests\ProductRequest.php", "PHP", 0, 0, 115, 0, 0, 0, 0, 25, 13, 153
"c:\Users\kevin\OneDrive\Desktop\Proyecto de Programación\Proyectos Personales\webBCommerce\BCommerceBackEnd\bcommerceBackEnd\app\Http\Requests\ReviewFeedbackRequest.php", "PHP", 0, 0, 29, 0, 0, 0, 0, 9, 6, 44
"c:\Users\kevin\OneDrive\Desktop\Proyecto de Programación\Proyectos Personales\webBCommerce\BCommerceBackEnd\bcommerceBackEnd\app\Http\Requests\SellerRequest.php", "PHP", 0, 0, 27, 0, 0, 0, 0, 13, 6, 46
"c:\Users\kevin\OneDrive\Desktop\Proyecto de Programación\Proyectos Personales\webBCommerce\BCommerceBackEnd\bcommerceBackEnd\app\Http\Requests\StoreCategoryRequest.php", "PHP", 0, 0, 78, 0, 0, 0, 0, 24, 13, 115
"c:\Users\kevin\OneDrive\Desktop\Proyecto de Programación\Proyectos Personales\webBCommerce\BCommerceBackEnd\bcommerceBackEnd\app\Http\Requests\StoreRatingRequest.php", "PHP", 0, 0, 15, 0, 0, 0, 0, 9, 5, 29
"c:\Users\kevin\OneDrive\Desktop\Proyecto de Programación\Proyectos Personales\webBCommerce\BCommerceBackEnd\bcommerceBackEnd\app\Http\Requests\ToggleFavoriteRequest.php", "PHP", 0, 0, 34, 0, 0, 0, 0, 16, 10, 60
"c:\Users\kevin\OneDrive\Desktop\Proyecto de Programación\Proyectos Personales\webBCommerce\BCommerceBackEnd\bcommerceBackEnd\app\Http\Requests\UpdateCartItemRequest.php", "PHP", 0, 0, 16, 0, 0, 0, 0, 6, 5, 27
"c:\Users\kevin\OneDrive\Desktop\Proyecto de Programación\Proyectos Personales\webBCommerce\BCommerceBackEnd\bcommerceBackEnd\app\Http\Requests\UpdateCategoryRequest.php", "PHP", 0, 0, 72, 0, 0, 0, 0, 25, 12, 109
"c:\Users\kevin\OneDrive\Desktop\Proyecto de Programación\Proyectos Personales\webBCommerce\BCommerceBackEnd\bcommerceBackEnd\app\Http\Requests\UpdateFavoriteNotificationsRequest.php", "PHP", 0, 0, 29, 0, 0, 0, 0, 16, 9, 54
"c:\Users\kevin\OneDrive\Desktop\Proyecto de Programación\Proyectos Personales\webBCommerce\BCommerceBackEnd\bcommerceBackEnd\app\Http\Requests\UpdateRatingRequest.php", "PHP", 0, 0, 15, 0, 0, 0, 0, 9, 5, 29
"c:\Users\kevin\OneDrive\Desktop\Proyecto de Programación\Proyectos Personales\webBCommerce\BCommerceBackEnd\bcommerceBackEnd\app\Http\Requests\UserRequest.php", "PHP", 0, 0, 0, 0, 0, 0, 0, 0, 1, 1
"c:\Users\kevin\OneDrive\Desktop\Proyecto de Programación\Proyectos Personales\webBCommerce\BCommerceBackEnd\bcommerceBackEnd\app\Infrastructure\External\PayPal\PaypalService.php", "PHP", 0, 0, 0, 0, 0, 0, 0, 0, 1, 1
"c:\Users\kevin\OneDrive\Desktop\Proyecto de Programación\Proyectos Personales\webBCommerce\BCommerceBackEnd\bcommerceBackEnd\app\Infrastructure\External\PaymentGateway\StripeService.php", "PHP", 0, 0, 33, 0, 0, 0, 0, 22, 5, 60
"c:\Users\kevin\OneDrive\Desktop\Proyecto de Programación\Proyectos Personales\webBCommerce\BCommerceBackEnd\bcommerceBackEnd\app\Infrastructure\External\SRI\SriService.php", "PHP", 0, 0, 286, 0, 0, 0, 0, 38, 51, 375
"c:\Users\kevin\OneDrive\Desktop\Proyecto de Programación\Proyectos Personales\webBCommerce\BCommerceBackEnd\bcommerceBackEnd\app\Infrastructure\External\ShippingAPI\ShippingAPIAdapter.php", "PHP", 0, 0, 308, 0, 0, 0, 0, 71, 59, 438
"c:\Users\kevin\OneDrive\Desktop\Proyecto de Programación\Proyectos Personales\webBCommerce\BCommerceBackEnd\bcommerceBackEnd\app\Infrastructure\Repositories\EloquentAccountingRepository.php", "PHP", 0, 0, 277, 0, 0, 0, 0, 4, 52, 333
"c:\Users\kevin\OneDrive\Desktop\Proyecto de Programación\Proyectos Personales\webBCommerce\BCommerceBackEnd\bcommerceBackEnd\app\Infrastructure\Repositories\EloquentCategoryRepository.php", "PHP", 0, 0, 196, 0, 0, 0, 0, 51, 54, 301
"c:\Users\kevin\OneDrive\Desktop\Proyecto de Programación\Proyectos Personales\webBCommerce\BCommerceBackEnd\bcommerceBackEnd\app\Infrastructure\Repositories\EloquentChatRepository.php", "PHP", 0, 0, 129, 0, 0, 0, 0, 1, 18, 148
"c:\Users\kevin\OneDrive\Desktop\Proyecto de Programación\Proyectos Personales\webBCommerce\BCommerceBackEnd\bcommerceBackEnd\app\Infrastructure\Repositories\EloquentDiscountCodeRepository.php", "PHP", 0, 0, 128, 0, 0, 0, 0, 49, 33, 210
"c:\Users\kevin\OneDrive\Desktop\Proyecto de Programación\Proyectos Personales\webBCommerce\BCommerceBackEnd\bcommerceBackEnd\app\Infrastructure\Repositories\EloquentFavoriteRepository.php", "PHP", 0, 0, 118, 0, 0, 0, 0, 34, 24, 176
"c:\Users\kevin\OneDrive\Desktop\Proyecto de Programación\Proyectos Personales\webBCommerce\BCommerceBackEnd\bcommerceBackEnd\app\Infrastructure\Repositories\EloquentFeedbackRepository.php", "PHP", 0, 0, 138, 0, 0, 0, 0, 49, 35, 222
"c:\Users\kevin\OneDrive\Desktop\Proyecto de Programación\Proyectos Personales\webBCommerce\BCommerceBackEnd\bcommerceBackEnd\app\Infrastructure\Repositories\EloquentInvoiceRepository.php", "PHP", 0, 0, 243, 0, 0, 0, 0, 1, 44, 288
"c:\Users\kevin\OneDrive\Desktop\Proyecto de Programación\Proyectos Personales\webBCommerce\BCommerceBackEnd\bcommerceBackEnd\app\Infrastructure\Repositories\EloquentNotificationRepository.php", "PHP", 0, 0, 107, 0, 0, 0, 0, 36, 25, 168
"c:\Users\kevin\OneDrive\Desktop\Proyecto de Programación\Proyectos Personales\webBCommerce\BCommerceBackEnd\bcommerceBackEnd\app\Infrastructure\Repositories\EloquentOrderRepository.php", "PHP", 0, 0, 221, 0, 0, 0, 0, 16, 32, 269
"c:\Users\kevin\OneDrive\Desktop\Proyecto de Programación\Proyectos Personales\webBCommerce\BCommerceBackEnd\bcommerceBackEnd\app\Infrastructure\Repositories\EloquentProductRepository.php", "PHP", 0, 0, 366, 0, 0, 0, 0, 9, 86, 461
"c:\Users\kevin\OneDrive\Desktop\Proyecto de Programación\Proyectos Personales\webBCommerce\BCommerceBackEnd\bcommerceBackEnd\app\Infrastructure\Repositories\EloquentRatingRepository.php", "PHP", 0, 0, 165, 0, 0, 0, 0, 98, 39, 302
"c:\Users\kevin\OneDrive\Desktop\Proyecto de Programación\Proyectos Personales\webBCommerce\BCommerceBackEnd\bcommerceBackEnd\app\Infrastructure\Repositories\EloquentSellerRepository.php", "PHP", 0, 0, 156, 0, 0, 0, 0, 61, 33, 250
"c:\Users\kevin\OneDrive\Desktop\Proyecto de Programación\Proyectos Personales\webBCommerce\BCommerceBackEnd\bcommerceBackEnd\app\Infrastructure\Repositories\EloquentShippingRepository.php", "PHP", 0, 0, 89, 0, 0, 0, 0, 63, 20, 172
"c:\Users\kevin\OneDrive\Desktop\Proyecto de Programación\Proyectos Personales\webBCommerce\BCommerceBackEnd\bcommerceBackEnd\app\Infrastructure\Repositories\EloquentShoppingCartRepository.php", "PHP", 0, 0, 151, 0, 0, 0, 0, 9, 32, 192
"c:\Users\kevin\OneDrive\Desktop\Proyecto de Programación\Proyectos Personales\webBCommerce\BCommerceBackEnd\bcommerceBackEnd\app\Infrastructure\Repositories\EloquentUserProfileRepository.php", "PHP", 0, 0, 421, 0, 0, 0, 0, 89, 86, 596
"c:\Users\kevin\OneDrive\Desktop\Proyecto de Programación\Proyectos Personales\webBCommerce\BCommerceBackEnd\bcommerceBackEnd\app\Infrastructure\Repositories\EloquentUserRepository.php", "PHP", 0, 0, 128, 0, 0, 0, 0, 21, 33, 182
"c:\Users\kevin\OneDrive\Desktop\Proyecto de Programación\Proyectos Personales\webBCommerce\BCommerceBackEnd\bcommerceBackEnd\app\Infrastructure\Repositories\Traits\ProductFilterTrait.php", "PHP", 0, 0, 159, 0, 0, 0, 0, 35, 39, 233
"c:\Users\kevin\OneDrive\Desktop\Proyecto de Programación\Proyectos Personales\webBCommerce\BCommerceBackEnd\bcommerceBackEnd\app\Infrastructure\Services\AuthService.php", "PHP", 0, 0, 0, 0, 0, 0, 0, 0, 1, 1
"c:\Users\kevin\OneDrive\Desktop\Proyecto de Programación\Proyectos Personales\webBCommerce\BCommerceBackEnd\bcommerceBackEnd\app\Infrastructure\Services\ChatFilterService.php", "PHP", 0, 0, 138, 0, 0, 0, 0, 81, 38, 257
"c:\Users\kevin\OneDrive\Desktop\Proyecto de Programación\Proyectos Personales\webBCommerce\BCommerceBackEnd\bcommerceBackEnd\app\Infrastructure\Services\FileUploadService.php", "PHP", 0, 0, 148, 0, 0, 0, 0, 87, 40, 275
"c:\Users\kevin\OneDrive\Desktop\Proyecto de Programación\Proyectos Personales\webBCommerce\BCommerceBackEnd\bcommerceBackEnd\app\Infrastructure\Services\ImageDownloader.php", "PHP", 0, 0, 96, 0, 0, 0, 0, 37, 28, 161
"c:\Users\kevin\OneDrive\Desktop\Proyecto de Programación\Proyectos Personales\webBCommerce\BCommerceBackEnd\bcommerceBackEnd\app\Infrastructure\Services\JwtService.php", "PHP", 0, 0, 124, 0, 0, 0, 0, 64, 20, 208
"c:\Users\kevin\OneDrive\Desktop\Proyecto de Programación\Proyectos Personales\webBCommerce\BCommerceBackEnd\bcommerceBackEnd\app\Infrastructure\Services\NotificationService.php", "PHP", 0, 0, 708, 0, 0, 0, 0, 179, 151, 1038
"c:\Users\kevin\OneDrive\Desktop\Proyecto de Programación\Proyectos Personales\webBCommerce\BCommerceBackEnd\bcommerceBackEnd\app\Infrastructure\Services\OrderCompletionService.php", "PHP", 0, 0, 21, 0, 0, 0, 0, 3, 5, 29
"c:\Users\kevin\OneDrive\Desktop\Proyecto de Programación\Proyectos Personales\webBCommerce\BCommerceBackEnd\bcommerceBackEnd\app\Infrastructure\Services\RecommendationService.php", "PHP", 0, 0, 183, 0, 0, 0, 0, 40, 32, 255
"c:\Users\kevin\OneDrive\Desktop\Proyecto de Programación\Proyectos Personales\webBCommerce\BCommerceBackEnd\bcommerceBackEnd\app\Infrastructure\Services\ShippingTrackingService.php", "PHP", 0, 0, 163, 0, 0, 0, 0, 46, 30, 239
"c:\Users\kevin\OneDrive\Desktop\Proyecto de Programación\Proyectos Personales\webBCommerce\BCommerceBackEnd\bcommerceBackEnd\app\Infrastructure\Services\UserInteractionService.php", "PHP", 0, 0, 29, 0, 0, 0, 0, 11, 8, 48
"c:\Users\kevin\OneDrive\Desktop\Proyecto de Programación\Proyectos Personales\webBCommerce\BCommerceBackEnd\bcommerceBackEnd\app\Listeners\GenerateInvoiceListener.php", "PHP", 0, 0, 22, 0, 0, 0, 0, 1, 6, 29
"c:\Users\kevin\OneDrive\Desktop\Proyecto de Programación\Proyectos Personales\webBCommerce\BCommerceBackEnd\bcommerceBackEnd\app\Listeners\NotifyAdminOfFeedback.php", "PHP", 0, 0, 47, 0, 0, 0, 0, 12, 9, 68
"c:\Users\kevin\OneDrive\Desktop\Proyecto de Programación\Proyectos Personales\webBCommerce\BCommerceBackEnd\bcommerceBackEnd\app\Listeners\NotifyAdminOfLowRating.php", "PHP", 0, 0, 32, 0, 0, 0, 0, 4, 7, 43
"c:\Users\kevin\OneDrive\Desktop\Proyecto de Programación\Proyectos Personales\webBCommerce\BCommerceBackEnd\bcommerceBackEnd\app\Listeners\NotifyAdminSellerRankUp.php", "PHP", 0, 0, 30, 0, 0, 0, 0, 3, 7, 40
"c:\Users\kevin\OneDrive\Desktop\Proyecto de Programación\Proyectos Personales\webBCommerce\BCommerceBackEnd\bcommerceBackEnd\app\Listeners\NotifyFavoriteLowStock.php", "PHP", 0, 0, 51, 0, 0, 0, 0, 27, 12, 90
"c:\Users\kevin\OneDrive\Desktop\Proyecto de Programación\Proyectos Personales\webBCommerce\BCommerceBackEnd\bcommerceBackEnd\app\Listeners\NotifyFavoritePriceChange.php", "PHP", 0, 0, 55, 0, 0, 0, 0, 27, 11, 93
"c:\Users\kevin\OneDrive\Desktop\Proyecto de Programación\Proyectos Personales\webBCommerce\BCommerceBackEnd\bcommerceBackEnd\app\Listeners\NotifyFavoritePromotion.php", "PHP", 0, 0, 55, 0, 0, 0, 0, 27, 12, 94
"c:\Users\kevin\OneDrive\Desktop\Proyecto de Programación\Proyectos Personales\webBCommerce\BCommerceBackEnd\bcommerceBackEnd\app\Listeners\NotifySellerOfAccountBlock.php", "PHP", 0, 0, 34, 0, 0, 0, 0, 4, 9, 47
"c:\Users\kevin\OneDrive\Desktop\Proyecto de Programación\Proyectos Personales\webBCommerce\BCommerceBackEnd\bcommerceBackEnd\app\Listeners\NotifySellerOfFeedbackResponse.php", "PHP", 0, 0, 31, 0, 0, 0, 0, 1, 5, 37
"c:\Users\kevin\OneDrive\Desktop\Proyecto de Programación\Proyectos Personales\webBCommerce\BCommerceBackEnd\bcommerceBackEnd\app\Listeners\NotifySellerOfLowStock.php", "PHP", 0, 0, 33, 0, 0, 0, 0, 5, 7, 45
"c:\Users\kevin\OneDrive\Desktop\Proyecto de Programación\Proyectos Personales\webBCommerce\BCommerceBackEnd\bcommerceBackEnd\app\Listeners\NotifySellerOfNewMessage.php", "PHP", 0, 0, 57, 0, 0, 0, 0, 6, 11, 74
"c:\Users\kevin\OneDrive\Desktop\Proyecto de Programación\Proyectos Personales\webBCommerce\BCommerceBackEnd\bcommerceBackEnd\app\Listeners\NotifySellerOfNewOrder.php", "PHP", 0, 0, 37, 0, 0, 0, 0, 3, 8, 48
"c:\Users\kevin\OneDrive\Desktop\Proyecto de Programación\Proyectos Personales\webBCommerce\BCommerceBackEnd\bcommerceBackEnd\app\Listeners\NotifySellerOfRating.php", "PHP", 0, 0, 32, 0, 0, 0, 0, 4, 7, 43
"c:\Users\kevin\OneDrive\Desktop\Proyecto de Programación\Proyectos Personales\webBCommerce\BCommerceBackEnd\bcommerceBackEnd\app\Listeners\NotifySellerOfShippingDelay.php", "PHP", 0, 0, 49, 0, 0, 0, 0, 5, 9, 63
"c:\Users\kevin\OneDrive\Desktop\Proyecto de Programación\Proyectos Personales\webBCommerce\BCommerceBackEnd\bcommerceBackEnd\app\Listeners\NotifySellerOfStrike.php", "PHP", 0, 0, 57, 0, 0, 0, 0, 10, 12, 79
"c:\Users\kevin\OneDrive\Desktop\Proyecto de Programación\Proyectos Personales\webBCommerce\BCommerceBackEnd\bcommerceBackEnd\app\Listeners\NotifySellerRankChanged.php", "PHP", 0, 0, 39, 0, 0, 0, 0, 6, 8, 53
"c:\Users\kevin\OneDrive\Desktop\Proyecto de Programación\Proyectos Personales\webBCommerce\BCommerceBackEnd\bcommerceBackEnd\app\Listeners\SendFeedbackResponseNotification.php", "PHP", 0, 0, 30, 0, 0, 0, 0, 3, 6, 39
"c:\Users\kevin\OneDrive\Desktop\Proyecto de Programación\Proyectos Personales\webBCommerce\BCommerceBackEnd\bcommerceBackEnd\app\Listeners\SendNewMessageNotification.php", "PHP", 0, 0, 36, 0, 0, 0, 0, 3, 7, 46
"c:\Users\kevin\OneDrive\Desktop\Proyecto de Programación\Proyectos Personales\webBCommerce\BCommerceBackEnd\bcommerceBackEnd\app\Listeners\SendOrderStatusNotification.php", "PHP", 0, 0, 30, 0, 0, 0, 0, 3, 6, 39
"c:\Users\kevin\OneDrive\Desktop\Proyecto de Programación\Proyectos Personales\webBCommerce\BCommerceBackEnd\bcommerceBackEnd\app\Listeners\SendProductUpdateNotifications.php", "PHP", 0, 0, 30, 0, 0, 0, 0, 3, 7, 40
"c:\Users\kevin\OneDrive\Desktop\Proyecto de Programación\Proyectos Personales\webBCommerce\BCommerceBackEnd\bcommerceBackEnd\app\Listeners\SendRatingReceivedNotification.php", "PHP", 0, 0, 32, 0, 0, 0, 0, 4, 6, 42
"c:\Users\kevin\OneDrive\Desktop\Proyecto de Programación\Proyectos Personales\webBCommerce\BCommerceBackEnd\bcommerceBackEnd\app\Listeners\SendShippingStatusNotification.php", "PHP", 0, 0, 30, 0, 0, 0, 0, 3, 6, 39
"c:\Users\kevin\OneDrive\Desktop\Proyecto de Programación\Proyectos Personales\webBCommerce\BCommerceBackEnd\bcommerceBackEnd\app\Models\AccountingAccount.php", "PHP", 0, 0, 19, 0, 0, 0, 0, 0, 5, 24
"c:\Users\kevin\OneDrive\Desktop\Proyecto de Programación\Proyectos Personales\webBCommerce\BCommerceBackEnd\bcommerceBackEnd\app\Models\AccountingEntry.php", "PHP", 0, 0, 23, 0, 0, 0, 0, 0, 6, 29
"c:\Users\kevin\OneDrive\Desktop\Proyecto de Programación\Proyectos Personales\webBCommerce\BCommerceBackEnd\bcommerceBackEnd\app\Models\AccountingTransaction.php", "PHP", 0, 0, 38, 0, 0, 0, 0, 0, 9, 47
"c:\Users\kevin\OneDrive\Desktop\Proyecto de Programación\Proyectos Personales\webBCommerce\BCommerceBackEnd\bcommerceBackEnd\app\Models\Admin.php", "PHP", 0, 0, 47, 0, 0, 0, 0, 23, 13, 83
"c:\Users\kevin\OneDrive\Desktop\Proyecto de Programación\Proyectos Personales\webBCommerce\BCommerceBackEnd\bcommerceBackEnd\app\Models\Carrier.php", "PHP", 0, 0, 37, 0, 0, 0, 0, 9, 10, 56
"c:\Users\kevin\OneDrive\Desktop\Proyecto de Programación\Proyectos Personales\webBCommerce\BCommerceBackEnd\bcommerceBackEnd\app\Models\CartItem.php", "PHP", 0, 0, 25, 0, 0, 0, 0, 6, 7, 38
"c:\Users\kevin\OneDrive\Desktop\Proyecto de Programación\Proyectos Personales\webBCommerce\BCommerceBackEnd\bcommerceBackEnd\app\Models\Category.php", "PHP", 0, 0, 162, 0, 0, 0, 0, 137, 42, 341
"c:\Users\kevin\OneDrive\Desktop\Proyecto de Programación\Proyectos Personales\webBCommerce\BCommerceBackEnd\bcommerceBackEnd\app\Models\Chat.php", "PHP", 0, 0, 9, 0, 0, 0, 0, 1, 3, 13
"c:\Users\kevin\OneDrive\Desktop\Proyecto de Programación\Proyectos Personales\webBCommerce\BCommerceBackEnd\bcommerceBackEnd\app\Models\DiscountCode.php", "PHP", 0, 0, 59, 0, 0, 0, 0, 18, 14, 91
"c:\Users\kevin\OneDrive\Desktop\Proyecto de Programación\Proyectos Personales\webBCommerce\BCommerceBackEnd\bcommerceBackEnd\app\Models\Favorite.php", "PHP", 0, 0, 29, 0, 0, 0, 0, 6, 8, 43
"c:\Users\kevin\OneDrive\Desktop\Proyecto de Programación\Proyectos Personales\webBCommerce\BCommerceBackEnd\bcommerceBackEnd\app\Models\Feedback.php", "PHP", 0, 0, 53, 0, 0, 0, 0, 21, 14, 88
"c:\Users\kevin\OneDrive\Desktop\Proyecto de Programación\Proyectos Personales\webBCommerce\BCommerceBackEnd\bcommerceBackEnd\app\Models\Invoice.php", "PHP", 0, 0, 57, 0, 0, 0, 0, 0, 11, 68
"c:\Users\kevin\OneDrive\Desktop\Proyecto de Programación\Proyectos Personales\webBCommerce\BCommerceBackEnd\bcommerceBackEnd\app\Models\InvoiceItem.php", "PHP", 0, 0, 36, 0, 0, 0, 0, 0, 8, 44
"c:\Users\kevin\OneDrive\Desktop\Proyecto de Programación\Proyectos Personales\webBCommerce\BCommerceBackEnd\bcommerceBackEnd\app\Models\Message.php", "PHP", 0, 0, 24, 0, 0, 0, 0, 30, 8, 62
"c:\Users\kevin\OneDrive\Desktop\Proyecto de Programación\Proyectos Personales\webBCommerce\BCommerceBackEnd\bcommerceBackEnd\app\Models\Notification.php", "PHP", 0, 0, 113, 0, 0, 0, 0, 40, 26, 179
"c:\Users\kevin\OneDrive\Desktop\Proyecto de Programación\Proyectos Personales\webBCommerce\BCommerceBackEnd\bcommerceBackEnd\app\Models\Order.php", "PHP", 0, 0, 89, 0, 0, 0, 0, 53, 20, 162
"c:\Users\kevin\OneDrive\Desktop\Proyecto de Programación\Proyectos Personales\webBCommerce\BCommerceBackEnd\bcommerceBackEnd\app\Models\OrderItem.php", "PHP", 0, 0, 69, 0, 0, 0, 0, 39, 16, 124
"c:\Users\kevin\OneDrive\Desktop\Proyecto de Programación\Proyectos Personales\webBCommerce\BCommerceBackEnd\bcommerceBackEnd\app\Models\Payment.php", "PHP", 0, 0, 8, 0, 0, 0, 0, 1, 4, 13
"c:\Users\kevin\OneDrive\Desktop\Proyecto de Programación\Proyectos Personales\webBCommerce\BCommerceBackEnd\bcommerceBackEnd\app\Models\Product.php", "PHP", 0, 0, 376, 0, 0, 0, 0, 255, 73, 704
"c:\Users\kevin\OneDrive\Desktop\Proyecto de Programación\Proyectos Personales\webBCommerce\BCommerceBackEnd\bcommerceBackEnd\app\Models\Rating.php", "PHP", 0, 0, 62, 0, 0, 0, 0, 30, 16, 108
"c:\Users\kevin\OneDrive\Desktop\Proyecto de Programación\Proyectos Personales\webBCommerce\BCommerceBackEnd\bcommerceBackEnd\app\Models\Seller.php", "PHP", 0, 0, 97, 0, 0, 0, 0, 44, 25, 166
"c:\Users\kevin\OneDrive\Desktop\Proyecto de Programación\Proyectos Personales\webBCommerce\BCommerceBackEnd\bcommerceBackEnd\app\Models\Shipping.php", "PHP", 0, 0, 113, 0, 0, 0, 0, 30, 27, 170
"c:\Users\kevin\OneDrive\Desktop\Proyecto de Programación\Proyectos Personales\webBCommerce\BCommerceBackEnd\bcommerceBackEnd\app\Models\ShippingHistory.php", "PHP", 0, 0, 46, 0, 0, 0, 0, 24, 10, 80
"c:\Users\kevin\OneDrive\Desktop\Proyecto de Programación\Proyectos Personales\webBCommerce\BCommerceBackEnd\bcommerceBackEnd\app\Models\ShippingRoutePoint.php", "PHP", 0, 0, 47, 0, 0, 0, 0, 19, 13, 79
"c:\Users\kevin\OneDrive\Desktop\Proyecto de Programación\Proyectos Personales\webBCommerce\BCommerceBackEnd\bcommerceBackEnd\app\Models\ShoppingCart.php", "PHP", 0, 0, 22, 0, 0, 0, 0, 6, 7, 35
"c:\Users\kevin\OneDrive\Desktop\Proyecto de Programación\Proyectos Personales\webBCommerce\BCommerceBackEnd\bcommerceBackEnd\app\Models\SriTransaction.php", "PHP", 0, 0, 25, 0, 0, 0, 0, 0, 6, 31
"c:\Users\kevin\OneDrive\Desktop\Proyecto de Programación\Proyectos Personales\webBCommerce\BCommerceBackEnd\bcommerceBackEnd\app\Models\User.php", "PHP", 0, 0, 143, 0, 0, 0, 0, 91, 31, 265
"c:\Users\kevin\OneDrive\Desktop\Proyecto de Programación\Proyectos Personales\webBCommerce\BCommerceBackEnd\bcommerceBackEnd\app\Models\UserInteraction.php", "PHP", 0, 0, 21, 0, 0, 0, 0, 0, 7, 28
"c:\Users\kevin\OneDrive\Desktop\Proyecto de Programación\Proyectos Personales\webBCommerce\BCommerceBackEnd\bcommerceBackEnd\app\Models\UserStrike.php", "PHP", 0, 0, 32, 0, 0, 0, 0, 28, 8, 68
"c:\Users\kevin\OneDrive\Desktop\Proyecto de Programación\Proyectos Personales\webBCommerce\BCommerceBackEnd\bcommerceBackEnd\app\Policies\CategoryPolicy.php", "PHP", 0, 0, 36, 0, 0, 0, 0, 21, 10, 67
"c:\Users\kevin\OneDrive\Desktop\Proyecto de Programación\Proyectos Personales\webBCommerce\BCommerceBackEnd\bcommerceBackEnd\app\Policies\ProductPolicy.php", "PHP", 0, 0, 60, 0, 0, 0, 0, 81, 17, 158
"c:\Users\kevin\OneDrive\Desktop\Proyecto de Programación\Proyectos Personales\webBCommerce\BCommerceBackEnd\bcommerceBackEnd\app\Policies\RatingPolicy.php", "PHP", 0, 0, 36, 0, 0, 0, 0, 21, 10, 67
"c:\Users\kevin\OneDrive\Desktop\Proyecto de Programación\Proyectos Personales\webBCommerce\BCommerceBackEnd\bcommerceBackEnd\app\Providers\AccountingServiceProvider.php", "PHP", 0, 0, 24, 0, 0, 0, 0, 8, 6, 38
"c:\Users\kevin\OneDrive\Desktop\Proyecto de Programación\Proyectos Personales\webBCommerce\BCommerceBackEnd\bcommerceBackEnd\app\Providers\AppServiceProvider.php", "PHP", 0, 0, 37, 0, 0, 0, 0, 18, 8, 63
"c:\Users\kevin\OneDrive\Desktop\Proyecto de Programación\Proyectos Personales\webBCommerce\BCommerceBackEnd\bcommerceBackEnd\app\Providers\AuthServiceProvider.php", "PHP", 0, 0, 19, 0, 0, 0, 0, 20, 7, 46
"c:\Users\kevin\OneDrive\Desktop\Proyecto de Programación\Proyectos Personales\webBCommerce\BCommerceBackEnd\bcommerceBackEnd\app\Providers\EventServiceProvider.php", "PHP", 0, 0, 99, 0, 0, 0, 0, 16, 13, 128
"c:\Users\kevin\OneDrive\Desktop\Proyecto de Programación\Proyectos Personales\webBCommerce\BCommerceBackEnd\bcommerceBackEnd\app\Providers\FavoriteServiceProvider.php", "PHP", 0, 0, 15, 0, 0, 0, 0, 11, 5, 31
"c:\Users\kevin\OneDrive\Desktop\Proyecto de Programación\Proyectos Personales\webBCommerce\BCommerceBackEnd\bcommerceBackEnd\app\Providers\FeedbackServiceProvider.php", "PHP", 0, 0, 45, 0, 0, 0, 0, 9, 9, 63
"c:\Users\kevin\OneDrive\Desktop\Proyecto de Programación\Proyectos Personales\webBCommerce\BCommerceBackEnd\bcommerceBackEnd\app\Providers\InterfacesServiceProvider.php", "PHP", 0, 0, 29, 0, 0, 0, 0, 17, 8, 54
"c:\Users\kevin\OneDrive\Desktop\Proyecto de Programación\Proyectos Personales\webBCommerce\BCommerceBackEnd\bcommerceBackEnd\app\Providers\JwtClaimsServiceProvider.php", "PHP", 0, 0, 18, 0, 0, 0, 0, 14, 6, 38
"c:\Users\kevin\OneDrive\Desktop\Proyecto de Programación\Proyectos Personales\webBCommerce\BCommerceBackEnd\bcommerceBackEnd\app\Providers\NotificationServiceProvider.php", "PHP", 0, 0, 51, 0, 0, 0, 0, 10, 11, 72
"c:\Users\kevin\OneDrive\Desktop\Proyecto de Programación\Proyectos Personales\webBCommerce\BCommerceBackEnd\bcommerceBackEnd\app\Providers\ProductServiceProvider.php", "PHP", 0, 0, 20, 0, 0, 0, 0, 14, 7, 41
"c:\Users\kevin\OneDrive\Desktop\Proyecto de Programación\Proyectos Personales\webBCommerce\BCommerceBackEnd\bcommerceBackEnd\app\Providers\RatingServiceProvider.php", "PHP", 0, 0, 42, 0, 0, 0, 0, 8, 7, 57
"c:\Users\kevin\OneDrive\Desktop\Proyecto de Programación\Proyectos Personales\webBCommerce\BCommerceBackEnd\bcommerceBackEnd\app\Providers\RecommendationServiceProvider.php", "PHP", 0, 0, 106, 0, 0, 0, 0, 16, 18, 140
"c:\Users\kevin\OneDrive\Desktop\Proyecto de Programación\Proyectos Personales\webBCommerce\BCommerceBackEnd\bcommerceBackEnd\app\Providers\RepositoryServiceProvider.php", "PHP", 0, 0, 47, 0, 0, 0, 0, 16, 10, 73
"c:\Users\kevin\OneDrive\Desktop\Proyecto de Programación\Proyectos Personales\webBCommerce\BCommerceBackEnd\bcommerceBackEnd\app\Providers\SellerServiceProvider.php", "PHP", 0, 0, 25, 0, 0, 0, 0, 8, 6, 39
"c:\Users\kevin\OneDrive\Desktop\Proyecto de Programación\Proyectos Personales\webBCommerce\BCommerceBackEnd\bcommerceBackEnd\app\Providers\ShippingServiceProvider.php", "PHP", 0, 0, 15, 0, 0, 0, 0, 7, 5, 27
"c:\Users\kevin\OneDrive\Desktop\Proyecto de Programación\Proyectos Personales\webBCommerce\BCommerceBackEnd\bcommerceBackEnd\app\Providers\ShoppingCartServiceProvider.php", "PHP", 0, 0, 15, 0, 0, 0, 0, 7, 5, 27
"c:\Users\kevin\OneDrive\Desktop\Proyecto de Programación\Proyectos Personales\webBCommerce\BCommerceBackEnd\bcommerceBackEnd\app\Services\AuthManager.php", "PHP", 0, 0, 23, 0, 0, 0, 0, 24, 7, 54
"c:\Users\kevin\OneDrive\Desktop\Proyecto de Programación\Proyectos Personales\webBCommerce\BCommerceBackEnd\bcommerceBackEnd\app\UseCases\Accounting\CancelInvoiceUseCase.php", "PHP", 0, 0, 67, 0, 0, 0, 0, 9, 14, 90
"c:\Users\kevin\OneDrive\Desktop\Proyecto de Programación\Proyectos Personales\webBCommerce\BCommerceBackEnd\bcommerceBackEnd\app\UseCases\Accounting\GenerateAccountingReportUseCase.php", "PHP", 0, 0, 42, 0, 0, 0, 0, 4, 13, 59
"c:\Users\kevin\OneDrive\Desktop\Proyecto de Programación\Proyectos Personales\webBCommerce\BCommerceBackEnd\bcommerceBackEnd\app\UseCases\Accounting\GenerateInvoiceUseCase.php", "PHP", 0, 0, 140, 0, 0, 0, 0, 22, 30, 192
"c:\Users\kevin\OneDrive\Desktop\Proyecto de Programación\Proyectos Personales\webBCommerce\BCommerceBackEnd\bcommerceBackEnd\app\UseCases\Cart\AddItemToCartUseCase.php", "PHP", 0, 0, 52, 0, 0, 0, 0, 6, 13, 71
"c:\Users\kevin\OneDrive\Desktop\Proyecto de Programación\Proyectos Personales\webBCommerce\BCommerceBackEnd\bcommerceBackEnd\app\UseCases\Cart\EmptyCartUseCase.php", "PHP", 0, 0, 27, 0, 0, 0, 0, 1, 11, 39
"c:\Users\kevin\OneDrive\Desktop\Proyecto de Programación\Proyectos Personales\webBCommerce\BCommerceBackEnd\bcommerceBackEnd\app\UseCases\Cart\GetCartUseCase.php", "PHP", 0, 0, 27, 0, 0, 0, 0, 1, 8, 36
"c:\Users\kevin\OneDrive\Desktop\Proyecto de Programación\Proyectos Personales\webBCommerce\BCommerceBackEnd\bcommerceBackEnd\app\UseCases\Cart\RemoveItemFromCartUseCase.php", "PHP", 0, 0, 37, 0, 0, 0, 0, 4, 13, 54
"c:\Users\kevin\OneDrive\Desktop\Proyecto de Programación\Proyectos Personales\webBCommerce\BCommerceBackEnd\bcommerceBackEnd\app\UseCases\Cart\UpdateCartItemUseCase.php", "PHP", 0, 0, 49, 0, 0, 0, 0, 6, 16, 71
"c:\Users\kevin\OneDrive\Desktop\Proyecto de Programación\Proyectos Personales\webBCommerce\BCommerceBackEnd\bcommerceBackEnd\app\UseCases\Chat\CreateChatUseCase.php", "PHP", 0, 0, 21, 0, 0, 0, 0, 0, 7, 28
"c:\Users\kevin\OneDrive\Desktop\Proyecto de Programación\Proyectos Personales\webBCommerce\BCommerceBackEnd\bcommerceBackEnd\app\UseCases\Chat\FilterMessageUseCase.php", "PHP", 0, 0, 0, 0, 0, 0, 0, 0, 1, 1
"c:\Users\kevin\OneDrive\Desktop\Proyecto de Programación\Proyectos Personales\webBCommerce\BCommerceBackEnd\bcommerceBackEnd\app\UseCases\Chat\GetChatUseCase.php", "PHP", 0, 0, 34, 0, 0, 0, 0, 3, 11, 48
"c:\Users\kevin\OneDrive\Desktop\Proyecto de Programación\Proyectos Personales\webBCommerce\BCommerceBackEnd\bcommerceBackEnd\app\UseCases\Chat\SendMessageUseCase.php", "PHP", 0, 0, 48, 0, 0, 0, 0, 2, 11, 61
"c:\Users\kevin\OneDrive\Desktop\Proyecto de Programación\Proyectos Personales\webBCommerce\BCommerceBackEnd\bcommerceBackEnd\app\UseCases\Checkout\ProcessCheckoutUseCase.php", "PHP", 0, 0, 90, 0, 0, 0, 0, 9, 21, 120
"c:\Users\kevin\OneDrive\Desktop\Proyecto de Programación\Proyectos Personales\webBCommerce\BCommerceBackEnd\bcommerceBackEnd\app\UseCases\Favorite\GetUserFavoritesUseCase.php", "PHP", 0, 0, 25, 0, 0, 0, 0, 13, 7, 45
"c:\Users\kevin\OneDrive\Desktop\Proyecto de Programación\Proyectos Personales\webBCommerce\BCommerceBackEnd\bcommerceBackEnd\app\UseCases\Favorite\ToggleFavoriteUseCase.php", "PHP", 0, 0, 70, 0, 0, 0, 0, 23, 14, 107
"c:\Users\kevin\OneDrive\Desktop\Proyecto de Programación\Proyectos Personales\webBCommerce\BCommerceBackEnd\bcommerceBackEnd\app\UseCases\Favorite\UpdateFavoriteNotificationsUseCase.php", "PHP", 0, 0, 43, 0, 0, 0, 0, 19, 10, 72
"c:\Users\kevin\OneDrive\Desktop\Proyecto de Programación\Proyectos Personales\webBCommerce\BCommerceBackEnd\bcommerceBackEnd\app\UseCases\Feedback\ApplyDiscountCodeUseCase.php", "PHP", 0, 0, 98, 0, 0, 0, 0, 28, 20, 146
"c:\Users\kevin\OneDrive\Desktop\Proyecto de Programación\Proyectos Personales\webBCommerce\BCommerceBackEnd\bcommerceBackEnd\app\UseCases\Feedback\GenerateDiscountCodeUseCase.php", "PHP", 0, 0, 73, 0, 0, 0, 0, 20, 17, 110
"c:\Users\kevin\OneDrive\Desktop\Proyecto de Programación\Proyectos Personales\webBCommerce\BCommerceBackEnd\bcommerceBackEnd\app\UseCases\Feedback\ReviewFeedbackUseCase.php", "PHP", 0, 0, 67, 0, 0, 0, 0, 25, 17, 109
"c:\Users\kevin\OneDrive\Desktop\Proyecto de Programación\Proyectos Personales\webBCommerce\BCommerceBackEnd\bcommerceBackEnd\app\UseCases\Feedback\SubmitFeedbackUseCase.php", "PHP", 0, 0, 39, 0, 0, 0, 0, 18, 8, 65
"c:\Users\kevin\OneDrive\Desktop\Proyecto de Programación\Proyectos Personales\webBCommerce\BCommerceBackEnd\bcommerceBackEnd\app\UseCases\Notification\CheckProductUpdatesForUsersUseCase.php", "PHP", 0, 0, 131, 0, 0, 0, 0, 13, 21, 165
"c:\Users\kevin\OneDrive\Desktop\Proyecto de Programación\Proyectos Personales\webBCommerce\BCommerceBackEnd\bcommerceBackEnd\app\UseCases\Notification\DeleteNotificationUseCase.php", "PHP", 0, 0, 52, 0, 0, 0, 0, 7, 12, 71
"c:\Users\kevin\OneDrive\Desktop\Proyecto de Programación\Proyectos Personales\webBCommerce\BCommerceBackEnd\bcommerceBackEnd\app\UseCases\Notification\GetUserNotificationsUseCase.php", "PHP", 0, 0, 74, 0, 0, 0, 0, 18, 18, 110
"c:\Users\kevin\OneDrive\Desktop\Proyecto de Programación\Proyectos Personales\webBCommerce\BCommerceBackEnd\bcommerceBackEnd\app\UseCases\Notification\MarkAllNotificationsAsReadUseCase.php", "PHP", 0, 0, 38, 0, 0, 0, 0, 6, 10, 54
"c:\Users\kevin\OneDrive\Desktop\Proyecto de Programación\Proyectos Personales\webBCommerce\BCommerceBackEnd\bcommerceBackEnd\app\UseCases\Notification\MarkNotificationAsReadUseCase.php", "PHP", 0, 0, 52, 0, 0, 0, 0, 7, 12, 71
"c:\Users\kevin\OneDrive\Desktop\Proyecto de Programación\Proyectos Personales\webBCommerce\BCommerceBackEnd\bcommerceBackEnd\app\UseCases\Order\CreateOrderUseCase.php", "PHP", 0, 0, 43, 0, 0, 0, 0, 4, 9, 56
"c:\Users\kevin\OneDrive\Desktop\Proyecto de Programación\Proyectos Personales\webBCommerce\BCommerceBackEnd\bcommerceBackEnd\app\UseCases\Order\GetOrderDetailsUseCase.php", "PHP", 0, 0, 0, 0, 0, 0, 0, 0, 1, 1
"c:\Users\kevin\OneDrive\Desktop\Proyecto de Programación\Proyectos Personales\webBCommerce\BCommerceBackEnd\bcommerceBackEnd\app\UseCases\Order\ProcessPaymentUseCase.php", "PHP", 0, 0, 0, 0, 0, 0, 0, 0, 1, 1
"c:\Users\kevin\OneDrive\Desktop\Proyecto de Programación\Proyectos Personales\webBCommerce\BCommerceBackEnd\bcommerceBackEnd\app\UseCases\Payment\GenerateQRDeUnatUseCase.php", "PHP", 0, 0, 0, 0, 0, 0, 0, 0, 1, 1
"c:\Users\kevin\OneDrive\Desktop\Proyecto de Programación\Proyectos Personales\webBCommerce\BCommerceBackEnd\bcommerceBackEnd\app\UseCases\Payment\ProcessCreditCardUseCase.php", "PHP", 0, 0, 0, 0, 0, 0, 0, 0, 1, 1
"c:\Users\kevin\OneDrive\Desktop\Proyecto de Programación\Proyectos Personales\webBCommerce\BCommerceBackEnd\bcommerceBackEnd\app\UseCases\Payment\ProcessPaypalUseCase.php", "PHP", 0, 0, 0, 0, 0, 0, 0, 0, 1, 1
"c:\Users\kevin\OneDrive\Desktop\Proyecto de Programación\Proyectos Personales\webBCommerce\BCommerceBackEnd\bcommerceBackEnd\app\UseCases\Product\CreateProductUseCase.php", "PHP", 0, 0, 79, 0, 0, 0, 0, 28, 16, 123
"c:\Users\kevin\OneDrive\Desktop\Proyecto de Programación\Proyectos Personales\webBCommerce\BCommerceBackEnd\bcommerceBackEnd\app\UseCases\Product\GetProductDetailsUseCase.php", "PHP", 0, 0, 61, 0, 0, 0, 0, 20, 15, 96
"c:\Users\kevin\OneDrive\Desktop\Proyecto de Programación\Proyectos Personales\webBCommerce\BCommerceBackEnd\bcommerceBackEnd\app\UseCases\Product\IncrementProductViewUseCase.php", "PHP", 0, 0, 41, 0, 0, 0, 0, 11, 10, 62
"c:\Users\kevin\OneDrive\Desktop\Proyecto de Programación\Proyectos Personales\webBCommerce\BCommerceBackEnd\bcommerceBackEnd\app\UseCases\Product\SearchProductsUseCase.php", "PHP", 0, 0, 122, 0, 0, 0, 0, 39, 19, 180
"c:\Users\kevin\OneDrive\Desktop\Proyecto de Programación\Proyectos Personales\webBCommerce\BCommerceBackEnd\bcommerceBackEnd\app\UseCases\Product\UpdateProductUseCase.php", "PHP", 0, 0, 138, 0, 0, 0, 0, 35, 42, 215
"c:\Users\kevin\OneDrive\Desktop\Proyecto de Programación\Proyectos Personales\webBCommerce\BCommerceBackEnd\bcommerceBackEnd\app\UseCases\Rating\RateProductUseCase.php", "PHP", 0, 0, 68, 0, 0, 0, 0, 27, 14, 109
"c:\Users\kevin\OneDrive\Desktop\Proyecto de Programación\Proyectos Personales\webBCommerce\BCommerceBackEnd\bcommerceBackEnd\app\UseCases\Rating\RateSellerUseCase.php", "PHP", 0, 0, 72, 0, 0, 0, 0, 28, 14, 114
"c:\Users\kevin\OneDrive\Desktop\Proyecto de Programación\Proyectos Personales\webBCommerce\BCommerceBackEnd\bcommerceBackEnd\app\UseCases\Rating\RateUserUseCase.php", "PHP", 0, 0, 81, 0, 0, 0, 0, 31, 16, 128
"c:\Users\kevin\OneDrive\Desktop\Proyecto de Programación\Proyectos Personales\webBCommerce\BCommerceBackEnd\bcommerceBackEnd\app\UseCases\Recommendation\GenerateRecommendationsUseCase.php", "PHP", 0, 0, 61, 0, 0, 0, 0, 5, 11, 77
"c:\Users\kevin\OneDrive\Desktop\Proyecto de Programación\Proyectos Personales\webBCommerce\BCommerceBackEnd\bcommerceBackEnd\app\UseCases\Recommendation\GetUserProfileUseCase.php", "PHP", 0, 0, 69, 0, 0, 0, 0, 7, 19, 95
"c:\Users\kevin\OneDrive\Desktop\Proyecto de Programación\Proyectos Personales\webBCommerce\BCommerceBackEnd\bcommerceBackEnd\app\UseCases\Recommendation\TrackUserInteractionsUseCase.php", "PHP", 0, 0, 24, 0, 0, 0, 0, 0, 6, 30
"c:\Users\kevin\OneDrive\Desktop\Proyecto de Programación\Proyectos Personales\webBCommerce\BCommerceBackEnd\bcommerceBackEnd\app\UseCases\Seller\CreateSellerUseCase.php", "PHP", 0, 0, 30, 0, 0, 0, 0, 16, 8, 54
"c:\Users\kevin\OneDrive\Desktop\Proyecto de Programación\Proyectos Personales\webBCommerce\BCommerceBackEnd\bcommerceBackEnd\app\UseCases\Seller\GetTopSellersUseCase.php", "PHP", 0, 0, 23, 0, 0, 0, 0, 23, 8, 54
"c:\Users\kevin\OneDrive\Desktop\Proyecto de Programación\Proyectos Personales\webBCommerce\BCommerceBackEnd\bcommerceBackEnd\app\UseCases\Shipping\CreateShippingUseCase.php", "PHP", 0, 0, 118, 0, 0, 0, 0, 22, 28, 168
"c:\Users\kevin\OneDrive\Desktop\Proyecto de Programación\Proyectos Personales\webBCommerce\BCommerceBackEnd\bcommerceBackEnd\app\UseCases\Shipping\TrackShippingUseCase.php", "PHP", 0, 0, 99, 0, 0, 0, 0, 24, 16, 139
"c:\Users\kevin\OneDrive\Desktop\Proyecto de Programación\Proyectos Personales\webBCommerce\BCommerceBackEnd\bcommerceBackEnd\app\UseCases\Shipping\UpdateShippingStatusUseCase.php", "PHP", 0, 0, 137, 0, 0, 0, 0, 28, 25, 190
"c:\Users\kevin\OneDrive\Desktop\Proyecto de Programación\Proyectos Personales\webBCommerce\BCommerceBackEnd\bcommerceBackEnd\app\UseCases\User\CheckUserRoleUseCase.php", "PHP", 0, 0, 74, 0, 0, 0, 0, 13, 13, 100
"c:\Users\kevin\OneDrive\Desktop\Proyecto de Programación\Proyectos Personales\webBCommerce\BCommerceBackEnd\bcommerceBackEnd\app\UseCases\User\FetchUserProfileUseCase.php", "PHP", 0, 0, 59, 0, 0, 0, 0, 14, 11, 84
"c:\Users\kevin\OneDrive\Desktop\Proyecto de Programación\Proyectos Personales\webBCommerce\BCommerceBackEnd\bcommerceBackEnd\app\UseCases\User\GetAuthenticatedUserUseCase.php", "PHP", 0, 0, 43, 0, 0, 0, 0, 11, 9, 63
"c:\Users\kevin\OneDrive\Desktop\Proyecto de Programación\Proyectos Personales\webBCommerce\BCommerceBackEnd\bcommerceBackEnd\app\UseCases\User\LoginUserUseCase.php", "PHP", 0, 0, 40, 0, 0, 0, 0, 15, 12, 67
"c:\Users\kevin\OneDrive\Desktop\Proyecto de Programación\Proyectos Personales\webBCommerce\BCommerceBackEnd\bcommerceBackEnd\app\UseCases\User\LogoutUserUseCase.php", "PHP", 0, 0, 43, 0, 0, 0, 0, 11, 10, 64
"c:\Users\kevin\OneDrive\Desktop\Proyecto de Programación\Proyectos Personales\webBCommerce\BCommerceBackEnd\bcommerceBackEnd\app\UseCases\User\RateSellerUseCase.php", "PHP", 0, 0, 126, 0, 0, 0, 0, 28, 16, 170
"c:\Users\kevin\OneDrive\Desktop\Proyecto de Programación\Proyectos Personales\webBCommerce\BCommerceBackEnd\bcommerceBackEnd\app\UseCases\User\RefreshTokenUseCase.php", "PHP", 0, 0, 56, 0, 0, 0, 0, 13, 11, 80
"c:\Users\kevin\OneDrive\Desktop\Proyecto de Programación\Proyectos Personales\webBCommerce\BCommerceBackEnd\bcommerceBackEnd\app\UseCases\User\RegisterUserUseCase.php", "PHP", 0, 0, 71, 0, 0, 0, 0, 19, 13, 103
"c:\Users\kevin\OneDrive\Desktop\Proyecto de Programación\Proyectos Personales\webBCommerce\BCommerceBackEnd\bcommerceBackEnd\app\UseCases\User\UpdateProfileUseCase.php", "PHP", 0, 0, 85, 0, 0, 0, 0, 19, 21, 125
"c:\Users\kevin\OneDrive\Desktop\Proyecto de Programación\Proyectos Personales\webBCommerce\BCommerceBackEnd\bcommerceBackEnd\app\helpers\CarbonHelper.php", "PHP", 0, 0, 27, 0, 0, 0, 0, 22, 10, 59
"c:\Users\kevin\OneDrive\Desktop\Proyecto de Programación\Proyectos Personales\webBCommerce\BCommerceBackEnd\bcommerceBackEnd\app\helpers\TokenHelper.php", "PHP", 0, 0, 92, 0, 0, 0, 0, 29, 13, 134
"c:\Users\kevin\OneDrive\Desktop\Proyecto de Programación\Proyectos Personales\webBCommerce\BCommerceBackEnd\bcommerceBackEnd\bootstrap\app.php", "PHP", 0, 0, 26, 0, 0, 0, 0, 4, 5, 35
"c:\Users\kevin\OneDrive\Desktop\Proyecto de Programación\Proyectos Personales\webBCommerce\BCommerceBackEnd\bcommerceBackEnd\bootstrap\providers.php", "PHP", 0, 0, 4, 0, 0, 0, 0, 0, 2, 6
"c:\Users\kevin\OneDrive\Desktop\Proyecto de Programación\Proyectos Personales\webBCommerce\BCommerceBackEnd\bcommerceBackEnd\composer.json", "JSON", 0, 0, 0, 0, 74, 0, 0, 0, 1, 75
"c:\Users\kevin\OneDrive\Desktop\Proyecto de Programación\Proyectos Personales\webBCommerce\BCommerceBackEnd\bcommerceBackEnd\composer.lock", "JSON", 0, 0, 0, 0, 8674, 0, 0, 0, 1, 8675
"c:\Users\kevin\OneDrive\Desktop\Proyecto de Programación\Proyectos Personales\webBCommerce\BCommerceBackEnd\bcommerceBackEnd\config\app.php", "PHP", 0, 0, 23, 0, 0, 0, 0, 82, 23, 128
"c:\Users\kevin\OneDrive\Desktop\Proyecto de Programación\Proyectos Personales\webBCommerce\BCommerceBackEnd\bcommerceBackEnd\config\auth.php", "PHP", 0, 0, 32, 0, 0, 0, 0, 74, 14, 120
"c:\Users\kevin\OneDrive\Desktop\Proyecto de Programación\Proyectos Personales\webBCommerce\BCommerceBackEnd\bcommerceBackEnd\config\cache.php", "PHP", 0, 0, 57, 0, 0, 0, 0, 34, 18, 109
"c:\Users\kevin\OneDrive\Desktop\Proyecto de Programación\Proyectos Personales\webBCommerce\BCommerceBackEnd\bcommerceBackEnd\config\database.php", "PHP", 0, 0, 109, 0, 0, 0, 0, 43, 23, 175
"c:\Users\kevin\OneDrive\Desktop\Proyecto de Programación\Proyectos Personales\webBCommerce\BCommerceBackEnd\bcommerceBackEnd\config\filesystems.php", "PHP", 0, 0, 36, 0, 0, 0, 0, 32, 13, 81
"c:\Users\kevin\OneDrive\Desktop\Proyecto de Programación\Proyectos Personales\webBCommerce\BCommerceBackEnd\bcommerceBackEnd\config\jwt.php", "PHP", 0, 0, 39, 0, 0, 0, 0, 228, 44, 311
"c:\Users\kevin\OneDrive\Desktop\Proyecto de Programación\Proyectos Personales\webBCommerce\BCommerceBackEnd\bcommerceBackEnd\config\logging.php", "PHP", 0, 0, 79, 0, 0, 0, 0, 33, 21, 133
"c:\Users\kevin\OneDrive\Desktop\Proyecto de Programación\Proyectos Personales\webBCommerce\BCommerceBackEnd\bcommerceBackEnd\config\mail.php", "PHP", 0, 0, 55, 0, 0, 0, 0, 43, 19, 117
"c:\Users\kevin\OneDrive\Desktop\Proyecto de Programación\Proyectos Personales\webBCommerce\BCommerceBackEnd\bcommerceBackEnd\config\queue.php", "PHP", 0, 0, 52, 0, 0, 0, 0, 44, 17, 113
"c:\Users\kevin\OneDrive\Desktop\Proyecto de Programación\Proyectos Personales\webBCommerce\BCommerceBackEnd\bcommerceBackEnd\config\scramble.php", "PHP", 0, 0, 26, 0, 0, 0, 0, 61, 17, 104
"c:\Users\kevin\OneDrive\Desktop\Proyecto de Programación\Proyectos Personales\webBCommerce\BCommerceBackEnd\bcommerceBackEnd\config\services.php", "PHP", 0, 0, 37, 0, 0, 0, 0, 11, 8, 56
"c:\Users\kevin\OneDrive\Desktop\Proyecto de Programación\Proyectos Personales\webBCommerce\BCommerceBackEnd\bcommerceBackEnd\config\session.php", "PHP", 0, 0, 23, 0, 0, 0, 0, 160, 35, 218
"c:\Users\kevin\OneDrive\Desktop\Proyecto de Programación\Proyectos Personales\webBCommerce\BCommerceBackEnd\bcommerceBackEnd\database\factories\AdminFactory.php", "PHP", 0, 0, 69, 0, 0, 0, 0, 39, 12, 120
"c:\Users\kevin\OneDrive\Desktop\Proyecto de Programación\Proyectos Personales\webBCommerce\BCommerceBackEnd\bcommerceBackEnd\database\factories\CarrierFactory.php", "PHP", 0, 0, 60, 0, 0, 0, 0, 22, 11, 93
"c:\Users\kevin\OneDrive\Desktop\Proyecto de Programación\Proyectos Personales\webBCommerce\BCommerceBackEnd\bcommerceBackEnd\database\factories\CartItemFactory.php", "PHP", 0, 0, 24, 0, 0, 0, 0, 10, 6, 40
"c:\Users\kevin\OneDrive\Desktop\Proyecto de Programación\Proyectos Personales\webBCommerce\BCommerceBackEnd\bcommerceBackEnd\database\factories\CategoryFactory.php", "PHP", 0, 0, 58, 0, 0, 0, 0, 26, 14, 98
"c:\Users\kevin\OneDrive\Desktop\Proyecto de Programación\Proyectos Personales\webBCommerce\BCommerceBackEnd\bcommerceBackEnd\database\factories\ChatFactory.php", "PHP", 0, 0, 11, 0, 0, 0, 0, 9, 4, 24
"c:\Users\kevin\OneDrive\Desktop\Proyecto de Programación\Proyectos Personales\webBCommerce\BCommerceBackEnd\bcommerceBackEnd\database\factories\DiscountCodeFactory.php", "PHP", 0, 0, 44, 0, 0, 0, 0, 23, 7, 74
"c:\Users\kevin\OneDrive\Desktop\Proyecto de Programación\Proyectos Personales\webBCommerce\BCommerceBackEnd\bcommerceBackEnd\database\factories\FeedbackFactory.php", "PHP", 0, 0, 56, 0, 0, 0, 0, 28, 8, 92
"c:\Users\kevin\OneDrive\Desktop\Proyecto de Programación\Proyectos Personales\webBCommerce\BCommerceBackEnd\bcommerceBackEnd\database\factories\MessageFactory.php", "PHP", 0, 0, 19, 0, 0, 0, 0, 0, 5, 24
"c:\Users\kevin\OneDrive\Desktop\Proyecto de Programación\Proyectos Personales\webBCommerce\BCommerceBackEnd\bcommerceBackEnd\database\factories\OrderFactory.php", "PHP", 0, 0, 57, 0, 0, 0, 0, 11, 9, 77
"c:\Users\kevin\OneDrive\Desktop\Proyecto de Programación\Proyectos Personales\webBCommerce\BCommerceBackEnd\bcommerceBackEnd\database\factories\OrderItemFactory.php", "PHP", 0, 0, 34, 0, 0, 0, 0, 3, 7, 44
"c:\Users\kevin\OneDrive\Desktop\Proyecto de Programación\Proyectos Personales\webBCommerce\BCommerceBackEnd\bcommerceBackEnd\database\factories\PaymentFactory.php", "PHP", 0, 0, 11, 0, 0, 0, 0, 9, 4, 24
"c:\Users\kevin\OneDrive\Desktop\Proyecto de Programación\Proyectos Personales\webBCommerce\BCommerceBackEnd\bcommerceBackEnd\database\factories\ProductFactory.php", "PHP", 0, 0, 85, 0, 0, 0, 0, 32, 17, 134
"c:\Users\kevin\OneDrive\Desktop\Proyecto de Programación\Proyectos Personales\webBCommerce\BCommerceBackEnd\bcommerceBackEnd\database\factories\RatingFactory.php", "PHP", 0, 0, 90, 0, 0, 0, 0, 44, 16, 150
"c:\Users\kevin\OneDrive\Desktop\Proyecto de Programación\Proyectos Personales\webBCommerce\BCommerceBackEnd\bcommerceBackEnd\database\factories\SellerFactory.php", "PHP", 0, 0, 46, 0, 0, 0, 0, 33, 9, 88
"c:\Users\kevin\OneDrive\Desktop\Proyecto de Programación\Proyectos Personales\webBCommerce\BCommerceBackEnd\bcommerceBackEnd\database\factories\ShippingFactory.php", "PHP", 0, 0, 98, 0, 0, 0, 0, 29, 13, 140
"c:\Users\kevin\OneDrive\Desktop\Proyecto de Programación\Proyectos Personales\webBCommerce\BCommerceBackEnd\bcommerceBackEnd\database\factories\ShippingHistoryFactory.php", "PHP", 0, 0, 147, 0, 0, 0, 0, 20, 14, 181
"c:\Users\kevin\OneDrive\Desktop\Proyecto de Programación\Proyectos Personales\webBCommerce\BCommerceBackEnd\bcommerceBackEnd\database\factories\ShippingRoutePointFactory.php", "PHP", 0, 0, 80, 0, 0, 0, 0, 26, 12, 118
"c:\Users\kevin\OneDrive\Desktop\Proyecto de Programación\Proyectos Personales\webBCommerce\BCommerceBackEnd\bcommerceBackEnd\database\factories\ShoppingCartFactory.php", "PHP", 0, 0, 16, 0, 0, 0, 0, 10, 5, 31
"c:\Users\kevin\OneDrive\Desktop\Proyecto de Programación\Proyectos Personales\webBCommerce\BCommerceBackEnd\bcommerceBackEnd\database\factories\UserFactory.php", "PHP", 0, 0, 25, 0, 0, 0, 0, 14, 6, 45
"c:\Users\kevin\OneDrive\Desktop\Proyecto de Programación\Proyectos Personales\webBCommerce\BCommerceBackEnd\bcommerceBackEnd\database\factories\UserInteractionFactory.php", "PHP", 0, 0, 93, 0, 0, 0, 0, 0, 13, 106
"c:\Users\kevin\OneDrive\Desktop\Proyecto de Programación\Proyectos Personales\webBCommerce\BCommerceBackEnd\bcommerceBackEnd\database\migrations\0001_01_01_000000_create_users_table.php", "PHP", 0, 0, 45, 0, 0, 0, 0, 6, 6, 57
"c:\Users\kevin\OneDrive\Desktop\Proyecto de Programación\Proyectos Personales\webBCommerce\BCommerceBackEnd\bcommerceBackEnd\database\migrations\0001_01_01_000001_create_cache_table.php", "PHP", 0, 0, 25, 0, 0, 0, 0, 6, 5, 36
"c:\Users\kevin\OneDrive\Desktop\Proyecto de Programación\Proyectos Personales\webBCommerce\BCommerceBackEnd\bcommerceBackEnd\database\migrations\0001_01_01_000002_create_jobs_table.php", "PHP", 0, 0, 46, 0, 0, 0, 0, 6, 6, 58
"c:\Users\kevin\OneDrive\Desktop\Proyecto de Programación\Proyectos Personales\webBCommerce\BCommerceBackEnd\bcommerceBackEnd\database\migrations\0001_01_01_000003_create_user_interactions_table.php", "PHP", 0, 0, 24, 0, 0, 0, 0, 0, 5, 29
"c:\Users\kevin\OneDrive\Desktop\Proyecto de Programación\Proyectos Personales\webBCommerce\BCommerceBackEnd\bcommerceBackEnd\database\migrations\2025_03_17_210953_create_personal_access_tokens_table.php", "PHP", 0, 0, 24, 0, 0, 0, 0, 6, 4, 34
"c:\Users\kevin\OneDrive\Desktop\Proyecto de Programación\Proyectos Personales\webBCommerce\BCommerceBackEnd\bcommerceBackEnd\database\migrations\2025_03_17_210955_create_password_reset_tokens_table.php", "PHP", 0, 0, 21, 0, 0, 0, 0, 7, 4, 32
"c:\Users\kevin\OneDrive\Desktop\Proyecto de Programación\Proyectos Personales\webBCommerce\BCommerceBackEnd\bcommerceBackEnd\database\migrations\2025_03_17_215312_create_products_table.php", "PHP", 0, 0, 102, 0, 0, 0, 0, 27, 27, 156
"c:\Users\kevin\OneDrive\Desktop\Proyecto de Programación\Proyectos Personales\webBCommerce\BCommerceBackEnd\bcommerceBackEnd\database\migrations\2025_03_17_215522_create_messages_table.php", "PHP", 0, 0, 22, 0, 0, 0, 0, 6, 3, 31
"c:\Users\kevin\OneDrive\Desktop\Proyecto de Programación\Proyectos Personales\webBCommerce\BCommerceBackEnd\bcommerceBackEnd\database\migrations\2025_03_17_215523_create_chats_table.php", "PHP", 0, 0, 23, 0, 0, 0, 0, 6, 4, 33
"c:\Users\kevin\OneDrive\Desktop\Proyecto de Programación\Proyectos Personales\webBCommerce\BCommerceBackEnd\bcommerceBackEnd\database\migrations\2025_03_17_215525_create_user_strikes_table.php", "PHP", 0, 0, 22, 0, 0, 0, 0, 6, 3, 31
"c:\Users\kevin\OneDrive\Desktop\Proyecto de Programación\Proyectos Personales\webBCommerce\BCommerceBackEnd\bcommerceBackEnd\database\migrations\2025_03_17_215534_create_orders_table.php", "PHP", 0, 0, 28, 0, 0, 0, 0, 6, 4, 38
"c:\Users\kevin\OneDrive\Desktop\Proyecto de Programación\Proyectos Personales\webBCommerce\BCommerceBackEnd\bcommerceBackEnd\database\migrations\2025_03_17_215535_create_order_items_table.php", "PHP", 0, 0, 23, 0, 0, 0, 0, 6, 4, 33
"c:\Users\kevin\OneDrive\Desktop\Proyecto de Programación\Proyectos Personales\webBCommerce\BCommerceBackEnd\bcommerceBackEnd\database\migrations\2025_03_17_215546_create_payments_table.php", "PHP", 0, 0, 18, 0, 0, 0, 0, 6, 4, 28
"c:\Users\kevin\OneDrive\Desktop\Proyecto de Programación\Proyectos Personales\webBCommerce\BCommerceBackEnd\bcommerceBackEnd\database\migrations\2025_03_17_215601_create_shippings_table.php", "PHP", 0, 0, 33, 0, 0, 0, 0, 6, 4, 43
"c:\Users\kevin\OneDrive\Desktop\Proyecto de Programación\Proyectos Personales\webBCommerce\BCommerceBackEnd\bcommerceBackEnd\database\migrations\2025_03_17_215603_create_shipping_history_table.php", "PHP", 0, 0, 28, 0, 0, 0, 0, 6, 5, 39
"c:\Users\kevin\OneDrive\Desktop\Proyecto de Programación\Proyectos Personales\webBCommerce\BCommerceBackEnd\bcommerceBackEnd\database\migrations\2025_03_17_215604_create_shipping_route_points_table.php", "PHP", 0, 0, 28, 0, 0, 0, 0, 6, 5, 39
"c:\Users\kevin\OneDrive\Desktop\Proyecto de Programación\Proyectos Personales\webBCommerce\BCommerceBackEnd\bcommerceBackEnd\database\migrations\2025_03_17_215605_create_carriers_table.php", "PHP", 0, 0, 24, 0, 0, 0, 0, 6, 4, 34
"c:\Users\kevin\OneDrive\Desktop\Proyecto de Programación\Proyectos Personales\webBCommerce\BCommerceBackEnd\bcommerceBackEnd\database\migrations\2025_03_17_215616_create_admins_table.php", "PHP", 0, 0, 24, 0, 0, 0, 0, 6, 5, 35
"c:\Users\kevin\OneDrive\Desktop\Proyecto de Programación\Proyectos Personales\webBCommerce\BCommerceBackEnd\bcommerceBackEnd\database\migrations\2025_03_17_220941_create_categories_table.php", "PHP", 0, 0, 63, 0, 0, 0, 0, 9, 13, 85
"c:\Users\kevin\OneDrive\Desktop\Proyecto de Programación\Proyectos Personales\webBCommerce\BCommerceBackEnd\bcommerceBackEnd\database\migrations\2025_03_17_221211_create_ratings_table.php", "PHP", 0, 0, 28, 0, 0, 0, 0, 7, 5, 40
"c:\Users\kevin\OneDrive\Desktop\Proyecto de Programación\Proyectos Personales\webBCommerce\BCommerceBackEnd\bcommerceBackEnd\database\migrations\2025_03_21_000001_create_shopping_carts_table.php", "PHP", 0, 0, 20, 0, 0, 0, 0, 6, 4, 30
"c:\Users\kevin\OneDrive\Desktop\Proyecto de Programación\Proyectos Personales\webBCommerce\BCommerceBackEnd\bcommerceBackEnd\database\migrations\2025_03_21_000002_create_cart_items_table.php", "PHP", 0, 0, 24, 0, 0, 0, 0, 6, 4, 34
"c:\Users\kevin\OneDrive\Desktop\Proyecto de Programación\Proyectos Personales\webBCommerce\BCommerceBackEnd\bcommerceBackEnd\database\migrations\2025_03_21_000003_create_sellers_table.php", "PHP", 0, 0, 29, 0, 0, 0, 0, 6, 5, 40
"c:\Users\kevin\OneDrive\Desktop\Proyecto de Programación\Proyectos Personales\webBCommerce\BCommerceBackEnd\bcommerceBackEnd\database\migrations\2025_03_25_000001_create_accounting_accounts_table.php", "PHP", 0, 0, 22, 0, 0, 0, 0, 0, 4, 26
"c:\Users\kevin\OneDrive\Desktop\Proyecto de Programación\Proyectos Personales\webBCommerce\BCommerceBackEnd\bcommerceBackEnd\database\migrations\2025_03_25_000002_create_accounting_transactions_table.php", "PHP", 0, 0, 25, 0, 0, 0, 0, 0, 4, 29
"c:\Users\kevin\OneDrive\Desktop\Proyecto de Programación\Proyectos Personales\webBCommerce\BCommerceBackEnd\bcommerceBackEnd\database\migrations\2025_03_25_000003_create_accounting_entries_table.php", "PHP", 0, 0, 22, 0, 0, 0, 0, 0, 3, 25
"c:\Users\kevin\OneDrive\Desktop\Proyecto de Programación\Proyectos Personales\webBCommerce\BCommerceBackEnd\bcommerceBackEnd\database\migrations\2025_03_25_000004_create_invoices_table.php", "PHP", 0, 0, 32, 0, 0, 0, 0, 0, 3, 35
"c:\Users\kevin\OneDrive\Desktop\Proyecto de Programación\Proyectos Personales\webBCommerce\BCommerceBackEnd\bcommerceBackEnd\database\migrations\2025_03_25_000005_create_sri_transactions_table.php", "PHP", 0, 0, 23, 0, 0, 0, 0, 0, 3, 26
"c:\Users\kevin\OneDrive\Desktop\Proyecto de Programación\Proyectos Personales\webBCommerce\BCommerceBackEnd\bcommerceBackEnd\database\migrations\2025_03_25_000006_create_invoice_items_table.php", "PHP", 0, 0, 27, 0, 0, 0, 0, 0, 3, 30
"c:\Users\kevin\OneDrive\Desktop\Proyecto de Programación\Proyectos Personales\webBCommerce\BCommerceBackEnd\bcommerceBackEnd\database\migrations\2025_03_26_000001_create_feedback_table.php", "PHP", 0, 0, 27, 0, 0, 0, 0, 6, 4, 37
"c:\Users\kevin\OneDrive\Desktop\Proyecto de Programación\Proyectos Personales\webBCommerce\BCommerceBackEnd\bcommerceBackEnd\database\migrations\2025_03_26_000002_create_discount_codes_table.php", "PHP", 0, 0, 27, 0, 0, 0, 0, 7, 5, 39
"c:\Users\kevin\OneDrive\Desktop\Proyecto de Programación\Proyectos Personales\webBCommerce\BCommerceBackEnd\bcommerceBackEnd\database\migrations\2025_03_26_000003_create_notifications_table copy.php", "PHP", 0, 0, 27, 0, 0, 0, 0, 7, 5, 39
"c:\Users\kevin\OneDrive\Desktop\Proyecto de Programación\Proyectos Personales\webBCommerce\BCommerceBackEnd\bcommerceBackEnd\database\migrations\2025_03_26_000004_create_favorites_table.php", "PHP", 0, 0, 24, 0, 0, 0, 0, 7, 5, 36
"c:\Users\kevin\OneDrive\Desktop\Proyecto de Programación\Proyectos Personales\webBCommerce\BCommerceBackEnd\bcommerceBackEnd\database\seeders\AdminSeeder.php", "PHP", 0, 0, 10, 0, 0, 0, 0, 4, 4, 18
"c:\Users\kevin\OneDrive\Desktop\Proyecto de Programación\Proyectos Personales\webBCommerce\BCommerceBackEnd\bcommerceBackEnd\database\seeders\CategorySeeder.php", "PHP", 0, 0, 197, 0, 0, 0, 0, 19, 16, 232
"c:\Users\kevin\OneDrive\Desktop\Proyecto de Programación\Proyectos Personales\webBCommerce\BCommerceBackEnd\bcommerceBackEnd\database\seeders\ChatSeeder.php", "PHP", 0, 0, 10, 0, 0, 0, 0, 4, 4, 18
"c:\Users\kevin\OneDrive\Desktop\Proyecto de Programación\Proyectos Personales\webBCommerce\BCommerceBackEnd\bcommerceBackEnd\database\seeders\DatabaseSeeder.php", "PHP", 0, 0, 183, 0, 0, 0, 0, 18, 23, 224
"c:\Users\kevin\OneDrive\Desktop\Proyecto de Programación\Proyectos Personales\webBCommerce\BCommerceBackEnd\bcommerceBackEnd\database\seeders\OrderSeeder.php", "PHP", 0, 0, 10, 0, 0, 0, 0, 4, 4, 18
"c:\Users\kevin\OneDrive\Desktop\Proyecto de Programación\Proyectos Personales\webBCommerce\BCommerceBackEnd\bcommerceBackEnd\database\seeders\PaymentSeeder.php", "PHP", 0, 0, 10, 0, 0, 0, 0, 4, 4, 18
"c:\Users\kevin\OneDrive\Desktop\Proyecto de Programación\Proyectos Personales\webBCommerce\BCommerceBackEnd\bcommerceBackEnd\database\seeders\ProductSeeder.php", "PHP", 0, 0, 250, 0, 0, 0, 0, 34, 36, 320
"c:\Users\kevin\OneDrive\Desktop\Proyecto de Programación\Proyectos Personales\webBCommerce\BCommerceBackEnd\bcommerceBackEnd\database\seeders\RatingSeeder.php", "PHP", 0, 0, 10, 0, 0, 0, 0, 4, 4, 18
"c:\Users\kevin\OneDrive\Desktop\Proyecto de Programación\Proyectos Personales\webBCommerce\BCommerceBackEnd\bcommerceBackEnd\database\seeders\ShippingSeeder.php", "PHP", 0, 0, 10, 0, 0, 0, 0, 4, 4, 18
"c:\Users\kevin\OneDrive\Desktop\Proyecto de Programación\Proyectos Personales\webBCommerce\BCommerceBackEnd\bcommerceBackEnd\database\seeders\UserSeeder.php", "PHP", 0, 0, 11, 0, 0, 0, 0, 0, 3, 14
"c:\Users\kevin\OneDrive\Desktop\Proyecto de Programación\Proyectos Personales\webBCommerce\BCommerceBackEnd\bcommerceBackEnd\package.json", "JSON", 0, 0, 0, 0, 16, 0, 0, 0, 1, 17
"c:\Users\kevin\OneDrive\Desktop\Proyecto de Programación\Proyectos Personales\webBCommerce\BCommerceBackEnd\bcommerceBackEnd\phpunit.xml", "XML", 0, 0, 0, 0, 0, 31, 0, 2, 1, 34
"c:\Users\kevin\OneDrive\Desktop\Proyecto de Programación\Proyectos Personales\webBCommerce\BCommerceBackEnd\bcommerceBackEnd\public\index.php", "PHP", 0, 0, 10, 0, 0, 0, 0, 4, 7, 21
"c:\Users\kevin\OneDrive\Desktop\Proyecto de Programación\Proyectos Personales\webBCommerce\BCommerceBackEnd\bcommerceBackEnd\resources\css\app.css", "CSS", 0, 0, 0, 0, 0, 0, 9, 0, 3, 12
"c:\Users\kevin\OneDrive\Desktop\Proyecto de Programación\Proyectos Personales\webBCommerce\BCommerceBackEnd\bcommerceBackEnd\resources\js\app.js", "JavaScript", 1, 0, 0, 0, 0, 0, 0, 0, 1, 2
"c:\Users\kevin\OneDrive\Desktop\Proyecto de Programación\Proyectos Personales\webBCommerce\BCommerceBackEnd\bcommerceBackEnd\resources\js\bootstrap.js", "JavaScript", 3, 0, 0, 0, 0, 0, 0, 0, 2, 5
"c:\Users\kevin\OneDrive\Desktop\Proyecto de Programación\Proyectos Personales\webBCommerce\BCommerceBackEnd\bcommerceBackEnd\resources\views\welcome.blade.php", "PHP", 0, 0, 270, 0, 0, 0, 0, 0, 8, 278
"c:\Users\kevin\OneDrive\Desktop\Proyecto de Programación\Proyectos Personales\webBCommerce\BCommerceBackEnd\bcommerceBackEnd\routes\api.php", "PHP", 0, 0, 247, 0, 0, 0, 0, 119, 65, 431
"c:\Users\kevin\OneDrive\Desktop\Proyecto de Programación\Proyectos Personales\webBCommerce\BCommerceBackEnd\bcommerceBackEnd\routes\console.php", "PHP", 0, 0, 11, 0, 0, 0, 0, 0, 4, 15
"c:\Users\kevin\OneDrive\Desktop\Proyecto de Programación\Proyectos Personales\webBCommerce\BCommerceBackEnd\bcommerceBackEnd\routes\web.php", "PHP", 0, 0, 5, 0, 0, 0, 0, 0, 3, 8
"c:\Users\kevin\OneDrive\Desktop\Proyecto de Programación\Proyectos Personales\webBCommerce\BCommerceBackEnd\bcommerceBackEnd\run_tests.php", "PHP", 0, 0, 46, 0, 0, 0, 0, 8, 15, 69
"c:\Users\kevin\OneDrive\Desktop\Proyecto de Programación\Proyectos Personales\webBCommerce\BCommerceBackEnd\bcommerceBackEnd\test_results_20250403_011941.log", "Log", 0, 468, 0, 0, 0, 0, 0, 0, 90, 558
"c:\Users\kevin\OneDrive\Desktop\Proyecto de Programación\Proyectos Personales\webBCommerce\BCommerceBackEnd\bcommerceBackEnd\tests\CreatesApplication.php", "PHP", 0, 0, 12, 0, 0, 0, 0, 5, 6, 23
"c:\Users\kevin\OneDrive\Desktop\Proyecto de Programación\Proyectos Personales\webBCommerce\BCommerceBackEnd\bcommerceBackEnd\tests\Feature\AdicionalChatRepositoryTest.php", "PHP", 0, 0, 177, 0, 0, 0, 0, 31, 42, 250
"c:\Users\kevin\OneDrive\Desktop\Proyecto de Programación\Proyectos Personales\webBCommerce\BCommerceBackEnd\bcommerceBackEnd\tests\Feature\AdminNotificationTest.php", "PHP", 0, 0, 348, 0, 0, 0, 0, 70, 80, 498
"c:\Users\kevin\OneDrive\Desktop\Proyecto de Programación\Proyectos Personales\webBCommerce\BCommerceBackEnd\bcommerceBackEnd\tests\Feature\AdminTest.php", "PHP", 0, 0, 322, 0, 0, 0, 0, 8, 54, 384
"c:\Users\kevin\OneDrive\Desktop\Proyecto de Programación\Proyectos Personales\webBCommerce\BCommerceBackEnd\bcommerceBackEnd\tests\Feature\AuthTest.php", "PHP", 0, 0, 135, 0, 0, 0, 0, 14, 35, 184
"c:\Users\kevin\OneDrive\Desktop\Proyecto de Programación\Proyectos Personales\webBCommerce\BCommerceBackEnd\bcommerceBackEnd\tests\Feature\Auth\AuthControllerTest.php", "PHP", 0, 0, 96, 0, 0, 0, 0, 2, 24, 122
"c:\Users\kevin\OneDrive\Desktop\Proyecto de Programación\Proyectos Personales\webBCommerce\BCommerceBackEnd\bcommerceBackEnd\tests\Feature\Auth\EmailVerificationTest.php", "PHP", 0, 0, 56, 0, 0, 0, 0, 11, 18, 85
"c:\Users\kevin\OneDrive\Desktop\Proyecto de Programación\Proyectos Personales\webBCommerce\BCommerceBackEnd\bcommerceBackEnd\tests\Feature\Auth\PasswordResetTest.php", "PHP", 0, 0, 83, 0, 0, 0, 0, 17, 23, 123
"c:\Users\kevin\OneDrive\Desktop\Proyecto de Programación\Proyectos Personales\webBCommerce\BCommerceBackEnd\bcommerceBackEnd\tests\Feature\Auth\RegistrationTest.php", "PHP", 0, 0, 35, 0, 0, 0, 0, 0, 8, 43
"c:\Users\kevin\OneDrive\Desktop\Proyecto de Programación\Proyectos Personales\webBCommerce\BCommerceBackEnd\bcommerceBackEnd\tests\Feature\CategoryTest.php", "PHP", 0, 0, 214, 0, 0, 0, 0, 11, 50, 275
"c:\Users\kevin\OneDrive\Desktop\Proyecto de Programación\Proyectos Personales\webBCommerce\BCommerceBackEnd\bcommerceBackEnd\tests\Feature\ChatRepositoryTest.php", "PHP", 0, 0, 137, 0, 0, 0, 0, 21, 29, 187
"c:\Users\kevin\OneDrive\Desktop\Proyecto de Programación\Proyectos Personales\webBCommerce\BCommerceBackEnd\bcommerceBackEnd\tests\Feature\FavoriteTest.php", "PHP", 0, 0, 205, 0, 0, 0, 0, 23, 39, 267
"c:\Users\kevin\OneDrive\Desktop\Proyecto de Programación\Proyectos Personales\webBCommerce\BCommerceBackEnd\bcommerceBackEnd\tests\Feature\FeedbackControllerTest.php", "PHP", 0, 0, 174, 0, 0, 0, 0, 14, 32, 220
"c:\Users\kevin\OneDrive\Desktop\Proyecto de Programación\Proyectos Personales\webBCommerce\BCommerceBackEnd\bcommerceBackEnd\tests\Feature\FeedbackSystemTest.php", "PHP", 0, 0, 198, 0, 0, 0, 0, 23, 40, 261
"c:\Users\kevin\OneDrive\Desktop\Proyecto de Programación\Proyectos Personales\webBCommerce\BCommerceBackEnd\bcommerceBackEnd\tests\Feature\ProductControllerTest.php", "PHP", 0, 0, 100, 0, 0, 0, 0, 11, 23, 134
"c:\Users\kevin\OneDrive\Desktop\Proyecto de Programación\Proyectos Personales\webBCommerce\BCommerceBackEnd\bcommerceBackEnd\tests\Feature\ProductRepositoryTest.php", "PHP", 0, 0, 250, 0, 0, 0, 0, 41, 51, 342
"c:\Users\kevin\OneDrive\Desktop\Proyecto de Programación\Proyectos Personales\webBCommerce\BCommerceBackEnd\bcommerceBackEnd\tests\Feature\ProductSearchIntegrationTest.php", "PHP", 0, 0, 290, 0, 0, 0, 0, 44, 55, 389
"c:\Users\kevin\OneDrive\Desktop\Proyecto de Programación\Proyectos Personales\webBCommerce\BCommerceBackEnd\bcommerceBackEnd\tests\Feature\RatingSystemTest.php", "PHP", 0, 0, 476, 0, 0, 0, 0, 42, 59, 577
"c:\Users\kevin\OneDrive\Desktop\Proyecto de Programación\Proyectos Personales\webBCommerce\BCommerceBackEnd\bcommerceBackEnd\tests\Feature\RecommendationSystemTest.php", "PHP", 0, 0, 228, 0, 0, 0, 0, 36, 46, 310
"c:\Users\kevin\OneDrive\Desktop\Proyecto de Programación\Proyectos Personales\webBCommerce\BCommerceBackEnd\bcommerceBackEnd\tests\Feature\SellerNotificationTest.php", "PHP", 0, 0, 348, 0, 0, 0, 0, 69, 74, 491
"c:\Users\kevin\OneDrive\Desktop\Proyecto de Programación\Proyectos Personales\webBCommerce\BCommerceBackEnd\bcommerceBackEnd\tests\Feature\SellerTest.php", "PHP", 0, 0, 241, 0, 0, 0, 0, 24, 39, 304
"c:\Users\kevin\OneDrive\Desktop\Proyecto de Programación\Proyectos Personales\webBCommerce\BCommerceBackEnd\bcommerceBackEnd\tests\Feature\ShippingExternalUpdateTest.php", "PHP", 0, 0, 222, 0, 0, 0, 0, 18, 48, 288
"c:\Users\kevin\OneDrive\Desktop\Proyecto de Programación\Proyectos Personales\webBCommerce\BCommerceBackEnd\bcommerceBackEnd\tests\Feature\ShippingHistoryTest.php", "PHP", 0, 0, 126, 0, 0, 0, 0, 18, 28, 172
"c:\Users\kevin\OneDrive\Desktop\Proyecto de Programación\Proyectos Personales\webBCommerce\BCommerceBackEnd\bcommerceBackEnd\tests\Feature\ShippingTrackerTest.php", "PHP", 0, 0, 161, 0, 0, 0, 0, 9, 27, 197
"c:\Users\kevin\OneDrive\Desktop\Proyecto de Programación\Proyectos Personales\webBCommerce\BCommerceBackEnd\bcommerceBackEnd\tests\Feature\ShippingTrackingFlowTest.php", "PHP", 0, 0, 208, 0, 0, 0, 0, 17, 38, 263
"c:\Users\kevin\OneDrive\Desktop\Proyecto de Programación\Proyectos Personales\webBCommerce\BCommerceBackEnd\bcommerceBackEnd\tests\Feature\ShoppingCartFlowTest.php", "PHP", 0, 0, 374, 0, 0, 0, 0, 59, 58, 491
"c:\Users\kevin\OneDrive\Desktop\Proyecto de Programación\Proyectos Personales\webBCommerce\BCommerceBackEnd\bcommerceBackEnd\tests\Feature\SimpleShippingTest.php", "PHP", 0, 0, 73, 0, 0, 0, 0, 9, 15, 97
"c:\Users\kevin\OneDrive\Desktop\Proyecto de Programación\Proyectos Personales\webBCommerce\BCommerceBackEnd\bcommerceBackEnd\tests\Feature\SimplifiedFeedbackTest.php", "PHP", 0, 0, 80, 0, 0, 0, 0, 13, 21, 114
"c:\Users\kevin\OneDrive\Desktop\Proyecto de Programación\Proyectos Personales\webBCommerce\BCommerceBackEnd\bcommerceBackEnd\tests\Feature\UserNotificationTest.php", "PHP", 0, 0, 424, 0, 0, 0, 0, 77, 86, 587
"c:\Users\kevin\OneDrive\Desktop\Proyecto de Programación\Proyectos Personales\webBCommerce\BCommerceBackEnd\bcommerceBackEnd\tests\Pest.php", "PHP", 0, 0, 10, 0, 0, 0, 0, 31, 7, 48
"c:\Users\kevin\OneDrive\Desktop\Proyecto de Programación\Proyectos Personales\webBCommerce\BCommerceBackEnd\bcommerceBackEnd\tests\TestCase.php", "PHP", 0, 0, 23, 0, 0, 0, 0, 2, 7, 32
"c:\Users\kevin\OneDrive\Desktop\Proyecto de Programación\Proyectos Personales\webBCommerce\BCommerceBackEnd\bcommerceBackEnd\tests\Unit\ChatFilterServiceTest.php", "PHP", 0, 0, 117, 0, 0, 0, 0, 11, 25, 153
"c:\Users\kevin\OneDrive\Desktop\Proyecto de Programación\Proyectos Personales\webBCommerce\BCommerceBackEnd\bcommerceBackEnd\tests\Unit\ComplexRecommendationSystemTest.php", "PHP", 0, 0, 262, 0, 0, 0, 0, 34, 36, 332
"c:\Users\kevin\OneDrive\Desktop\Proyecto de Programación\Proyectos Personales\webBCommerce\BCommerceBackEnd\bcommerceBackEnd\tests\Unit\Domain\Entities\CategoryEntityTest.php", "PHP", 0, 0, 208, 0, 0, 0, 0, 3, 29, 240
"c:\Users\kevin\OneDrive\Desktop\Proyecto de Programación\Proyectos Personales\webBCommerce\BCommerceBackEnd\bcommerceBackEnd\tests\Unit\Domain\Entities\ProductEntityTest.php", "PHP", 0, 0, 268, 0, 0, 0, 0, 4, 20, 292
"c:\Users\kevin\OneDrive\Desktop\Proyecto de Programación\Proyectos Personales\webBCommerce\BCommerceBackEnd\bcommerceBackEnd\tests\Unit\Infrastructure\Repositories\EloquentCategoryRepositoryTest.php", "PHP", 0, 0, 241, 0, 0, 0, 0, 49, 60, 350
"c:\Users\kevin\OneDrive\Desktop\Proyecto de Programación\Proyectos Personales\webBCommerce\BCommerceBackEnd\bcommerceBackEnd\tests\Unit\Infrastructure\Repositories\EloquentProductRepositoryTest.php", "PHP", 0, 0, 337, 0, 0, 0, 0, 54, 75, 466
"c:\Users\kevin\OneDrive\Desktop\Proyecto de Programación\Proyectos Personales\webBCommerce\BCommerceBackEnd\bcommerceBackEnd\tests\Unit\Middleware\JwtMiddlewareTest.php", "PHP", 0, 0, 66, 0, 0, 0, 0, 11, 19, 96
"c:\Users\kevin\OneDrive\Desktop\Proyecto de Programación\Proyectos Personales\webBCommerce\BCommerceBackEnd\bcommerceBackEnd\tests\Unit\RecommendationServiceTest.php", "PHP", 0, 0, 206, 0, 0, 0, 0, 27, 39, 272
"c:\Users\kevin\OneDrive\Desktop\Proyecto de Programación\Proyectos Personales\webBCommerce\BCommerceBackEnd\bcommerceBackEnd\tests\Unit\SellerModelTest.php", "PHP", 0, 0, 133, 0, 0, 0, 0, 21, 30, 184
"c:\Users\kevin\OneDrive\Desktop\Proyecto de Programación\Proyectos Personales\webBCommerce\BCommerceBackEnd\bcommerceBackEnd\tests\Unit\SellerRepositoryTest.php", "PHP", 0, 0, 158, 0, 0, 0, 0, 15, 39, 212
"c:\Users\kevin\OneDrive\Desktop\Proyecto de Programación\Proyectos Personales\webBCommerce\BCommerceBackEnd\bcommerceBackEnd\tests\Unit\Services\JwtServiceTest.php", "PHP", 0, 0, 69, 0, 0, 0, 0, 3, 21, 93
"c:\Users\kevin\OneDrive\Desktop\Proyecto de Programación\Proyectos Personales\webBCommerce\BCommerceBackEnd\bcommerceBackEnd\tests\Unit\Services\RecommendationServiceTest.php", "PHP", 0, 0, 188, 0, 0, 0, 0, 28, 35, 251
"c:\Users\kevin\OneDrive\Desktop\Proyecto de Programación\Proyectos Personales\webBCommerce\BCommerceBackEnd\bcommerceBackEnd\tests\Unit\ShoppingCartEntityTest.php", "PHP", 0, 0, 80, 0, 0, 0, 0, 9, 29, 118
"c:\Users\kevin\OneDrive\Desktop\Proyecto de Programación\Proyectos Personales\webBCommerce\BCommerceBackEnd\bcommerceBackEnd\tests\Unit\ShoppingCartRepositoryTest.php", "PHP", 0, 0, 195, 0, 0, 0, 0, 33, 43, 271
"c:\Users\kevin\OneDrive\Desktop\Proyecto de Programación\Proyectos Personales\webBCommerce\BCommerceBackEnd\bcommerceBackEnd\tests\Unit\UseCases\Accounting\CancelInvoiceUseCaseTest.php", "PHP", 0, 0, 154, 0, 0, 0, 0, 29, 36, 219
"c:\Users\kevin\OneDrive\Desktop\Proyecto de Programación\Proyectos Personales\webBCommerce\BCommerceBackEnd\bcommerceBackEnd\tests\Unit\UseCases\Accounting\GenerateAccountingReportUseCaseTest.php", "PHP", 0, 0, 133, 0, 0, 0, 0, 17, 22, 172
"c:\Users\kevin\OneDrive\Desktop\Proyecto de Programación\Proyectos Personales\webBCommerce\BCommerceBackEnd\bcommerceBackEnd\tests\Unit\UseCases\Accounting\GenerateInvoiceUseCaseSpecialCasesTest.php", "PHP", 0, 0, 286, 0, 0, 0, 0, 51, 62, 399
"c:\Users\kevin\OneDrive\Desktop\Proyecto de Programación\Proyectos Personales\webBCommerce\BCommerceBackEnd\bcommerceBackEnd\tests\Unit\UseCases\Accounting\GenerateInvoiceUseCaseTest.php", "PHP", 0, 0, 160, 0, 0, 0, 0, 38, 38, 236
"c:\Users\kevin\OneDrive\Desktop\Proyecto de Programación\Proyectos Personales\webBCommerce\BCommerceBackEnd\bcommerceBackEnd\tests\Unit\UseCases\Cart\AddItemToCartUseCaseTest.php", "PHP", 0, 0, 178, 0, 0, 0, 0, 17, 40, 235
"c:\Users\kevin\OneDrive\Desktop\Proyecto de Programación\Proyectos Personales\webBCommerce\BCommerceBackEnd\bcommerceBackEnd\tests\Unit\UseCases\Chat\CreateChatUseCaseTest.php", "PHP", 0, 0, 48, 0, 0, 0, 0, 10, 11, 69
"c:\Users\kevin\OneDrive\Desktop\Proyecto de Programación\Proyectos Personales\webBCommerce\BCommerceBackEnd\bcommerceBackEnd\tests\Unit\UseCases\Chat\SendMessageUseCaseTest.php", "PHP", 0, 0, 82, 0, 0, 0, 0, 13, 20, 115
"c:\Users\kevin\OneDrive\Desktop\Proyecto de Programación\Proyectos Personales\webBCommerce\BCommerceBackEnd\bcommerceBackEnd\tests\Unit\UseCases\Checkout\ProcessCheckoutUseCaseTest.php", "PHP", 0, 0, 215, 0, 0, 0, 0, 25, 52, 292
"c:\Users\kevin\OneDrive\Desktop\Proyecto de Programación\Proyectos Personales\webBCommerce\BCommerceBackEnd\bcommerceBackEnd\tests\Unit\UseCases\Feedback\DiscountCodeUseCaseTest.php", "PHP", 0, 0, 179, 0, 0, 0, 0, 20, 34, 233
"c:\Users\kevin\OneDrive\Desktop\Proyecto de Programación\Proyectos Personales\webBCommerce\BCommerceBackEnd\bcommerceBackEnd\tests\Unit\UseCases\Product\CreateProductUseCaseTest.php", "PHP", 0, 0, 70, 0, 0, 0, 0, 9, 15, 94
"c:\Users\kevin\OneDrive\Desktop\Proyecto de Programación\Proyectos Personales\webBCommerce\BCommerceBackEnd\bcommerceBackEnd\tests\Unit\UseCases\Product\SearchProductsUseCaseTest.php", "PHP", 0, 0, 151, 0, 0, 0, 0, 27, 36, 214
"c:\Users\kevin\OneDrive\Desktop\Proyecto de Programación\Proyectos Personales\webBCommerce\BCommerceBackEnd\bcommerceBackEnd\tests\Unit\UseCases\Recommendation\GenerateRecommendationsUseCaseTest.php", "PHP", 0, 0, 55, 0, 0, 0, 0, 6, 14, 75
"c:\Users\kevin\OneDrive\Desktop\Proyecto de Programación\Proyectos Personales\webBCommerce\BCommerceBackEnd\bcommerceBackEnd\tests\Unit\UseCases\Recommendation\GetUserProfileUseCaseTest.php", "PHP", 0, 0, 50, 0, 0, 0, 0, 6, 14, 70
"c:\Users\kevin\OneDrive\Desktop\Proyecto de Programación\Proyectos Personales\webBCommerce\BCommerceBackEnd\bcommerceBackEnd\tests\Unit\UseCases\Recommendation\TrackUserInteractionsUseCaseTest.php", "PHP", 0, 0, 37, 0, 0, 0, 0, 5, 13, 55
"c:\Users\kevin\OneDrive\Desktop\Proyecto de Programación\Proyectos Personales\webBCommerce\BCommerceBackEnd\bcommerceBackEnd\tests\Unit\UseCases\User\LoginUserUseCaseTest.php", "PHP", 0, 0, 72, 0, 0, 0, 0, 11, 18, 101
"c:\Users\kevin\OneDrive\Desktop\Proyecto de Programación\Proyectos Personales\webBCommerce\BCommerceBackEnd\bcommerceBackEnd\tests\Unit\UserProfileRepositoryTest.php", "PHP", 0, 0, 182, 0, 0, 0, 0, 30, 36, 248
"c:\Users\kevin\OneDrive\Desktop\Proyecto de Programación\Proyectos Personales\webBCommerce\BCommerceBackEnd\bcommerceBackEnd\vite.config.js", "JavaScript", 12, 0, 0, 0, 0, 0, 0, 0, 2, 14
"Total", "-", 16, 468, 36850, 46, 8764, 31, 9, 9950, 8008, 64142